name,location,country,type,detail,source_url,institution_id,website,checked_at,finance_bachelor_completions,number
Ohio State University-Main Campus,"Columbus, OH",USA,Public,"Finance, General bachelor completions: 893",https://nces.ed.gov/collegenavigator/?id=204796,204796,https://www.osu.edu/,2026-10-01,893,1
CUNY Bernard M Baruch College,"New York, NY",USA,Public,"Finance, General bachelor completions: 827",https://nces.ed.gov/collegenavigator/?id=190512,190512,https://www.baruch.cuny.edu/,2026-10-01,827,2
Florida State University,"Tallahassee, FL",USA,Public,"Finance, General bachelor completions: 627",https://nces.ed.gov/collegenavigator/?id=134097,134097,https://www.fsu.edu/,2026-10-01,627,3
Pennsylvania State University-Main Campus,"University Park, PA",USA,Public,"Finance, General bachelor completions: 533",https://nces.ed.gov/collegenavigator/?id=214777,214777,https://www.psu.edu/,2026-10-01,533,4
Rutgers University-New Brunswick,"New Brunswick, NJ",USA,Public,"Finance, General bachelor completions: 490",https://nces.ed.gov/collegenavigator/?id=186380,186380,https://newbrunswick.rutgers.edu/,2026-10-01,490,5
Florida International University,"Miami, FL",USA,Public,"Finance, General bachelor completions: 486",https://nces.ed.gov/collegenavigator/?id=133951,133951,https://www.fiu.edu/,2026-10-01,486,6
University of Georgia,"Athens, GA",USA,Public,"Finance, General bachelor completions: 463",https://nces.ed.gov/collegenavigator/?id=139959,139959,https://www.uga.edu/,2026-10-01,463,7
The University of Alabama,"Tuscaloosa, AL",USA,Public,"Finance, General bachelor completions: 454",https://nces.ed.gov/collegenavigator/?id=100751,100751,https://www.ua.edu/,2026-10-01,454,8
University of South Florida,"Tampa, FL",USA,Public,"Finance, General bachelor completions: 428",https://nces.ed.gov/collegenavigator/?id=137351,137351,https://www.usf.edu/,2026-10-01,428,9
Arizona State University Campus Immersion,"Tempe, AZ",USA,Public,"Finance, General bachelor completions: 427",https://nces.ed.gov/collegenavigator/?id=104151,104151,https://www.asu.edu/,2026-10-01,427,10
The University of Texas at Austin,"Austin, TX",USA,Public,"Finance, General bachelor completions: 417",https://nces.ed.gov/collegenavigator/?id=228778,228778,https://www.utexas.edu/,2026-10-01,417,11
Michigan State University,"East Lansing, MI",USA,Public,"Finance, General bachelor completions: 398",https://nces.ed.gov/collegenavigator/?id=171100,171100,https://www.msu.edu/,2026-10-01,398,12
University of Arkansas,"Fayetteville, AR",USA,Public,"Finance, General bachelor completions: 382",https://nces.ed.gov/collegenavigator/?id=106397,106397,https://www.uark.edu/,2026-10-01,382,13
University of Houston,"Houston, TX",USA,Public,"Finance, General bachelor completions: 381",https://nces.ed.gov/collegenavigator/?id=225511,225511,https://www.uh.edu/,2026-10-01,381,14
Clemson University,"Clemson, SC",USA,Public,"Finance, General bachelor completions: 380",https://nces.ed.gov/collegenavigator/?id=217882,217882,https://www.clemson.edu/,2026-10-01,380,15
University of South Carolina-Columbia,"Columbia, SC",USA,Public,"Finance, General bachelor completions: 379",https://nces.ed.gov/collegenavigator/?id=218663,218663,https://www.sc.edu/,2026-10-01,379,16
University of Central Florida,"Orlando, FL",USA,Public,"Finance, General bachelor completions: 374",https://nces.ed.gov/collegenavigator/?id=132903,132903,https://www.ucf.edu/,2026-10-01,374,17
University of Iowa,"Iowa City, IA",USA,Public,"Finance, General bachelor completions: 360",https://nces.ed.gov/collegenavigator/?id=153658,153658,https://uiowa.edu/,2026-10-01,360,18
University of Maryland-College Park,"College Park, MD",USA,Public,"Finance, General bachelor completions: 359",https://nces.ed.gov/collegenavigator/?id=163286,163286,https://www.umd.edu/,2026-10-01,359,19
University of North Carolina at Charlotte,"Charlotte, NC",USA,Public,"Finance, General bachelor completions: 359",https://nces.ed.gov/collegenavigator/?id=199139,199139,https://www.charlotte.edu/,2026-10-01,359,20
University of Minnesota-Twin Cities,"Minneapolis, MN",USA,Public,"Finance, General bachelor completions: 330",https://nces.ed.gov/collegenavigator/?id=174066,174066,https://twin-cities.umn.edu/,2026-10-01,330,21
Virginia Polytechnic Institute and State University,"Blacksburg, VA",USA,Public,"Finance, General bachelor completions: 329",https://nces.ed.gov/collegenavigator/?id=233921,233921,https://www.vt.edu/,2026-10-01,329,22
Auburn University,"Auburn, AL",USA,Public,"Finance, General bachelor completions: 326",https://nces.ed.gov/collegenavigator/?id=100858,100858,https://www.auburn.edu/,2026-10-01,326,23
University of Massachusetts-Amherst,"Amherst, MA",USA,Public,"Finance, General bachelor completions: 323",https://nces.ed.gov/collegenavigator/?id=166629,166629,https://www.umass.edu/,2026-10-01,323,24
Miami University-Oxford,"Oxford, OH",USA,Public,"Finance, General bachelor completions: 319",https://nces.ed.gov/collegenavigator/?id=204024,204024,https://miamioh.edu/,2026-10-01,319,25
Texas Tech University,"Lubbock, TX",USA,Public,"Finance, General bachelor completions: 309",https://nces.ed.gov/collegenavigator/?id=229115,229115,https://www.ttu.edu/,2026-10-01,309,26
University of Wisconsin-Madison,"Madison, WI",USA,Public,"Finance, General bachelor completions: 306",https://nces.ed.gov/collegenavigator/?id=240444,240444,https://www.wisc.edu/,2026-10-01,306,27
The University of Tennessee-Knoxville,"Knoxville, TN",USA,Public,"Finance, General bachelor completions: 305",https://nces.ed.gov/collegenavigator/?id=221759,221759,https://www.utk.edu/,2026-10-01,305,28
Tulane University of Louisiana,"New Orleans, LA",USA,Private nonprofit,"Finance, General bachelor completions: 304",https://nces.ed.gov/collegenavigator/?id=160755,160755,https://tulane.edu/,2026-10-01,304,29
University of Cincinnati-Main Campus,"Cincinnati, OH",USA,Public,"Finance, General bachelor completions: 303",https://nces.ed.gov/collegenavigator/?id=201885,201885,https://www.uc.edu/,2026-10-01,303,30
University of Notre Dame,"Notre Dame, IN",USA,Private nonprofit,"Finance, General bachelor completions: 297",https://nces.ed.gov/collegenavigator/?id=152080,152080,https://www.nd.edu/,2026-10-01,297,31
Fort Hays State University,"Hays, KS",USA,Public,"Finance, General bachelor completions: 290",https://nces.ed.gov/collegenavigator/?id=155061,155061,https://www.fhsu.edu/,2026-10-01,290,32
Texas A&M University-College Station,"College Station, TX",USA,Public,"Finance, General bachelor completions: 289",https://nces.ed.gov/collegenavigator/?id=228723,228723,https://www.tamu.edu/,2026-10-01,289,33
Bentley University,"Waltham, MA",USA,Private nonprofit,"Finance, General bachelor completions: 284",https://nces.ed.gov/collegenavigator/?id=164739,164739,https://www.bentley.edu/,2026-10-01,284,34
Grand Canyon University,"Phoenix, AZ",USA,Private for-profit,"Finance, General bachelor completions: 281",https://nces.ed.gov/collegenavigator/?id=104717,104717,https://www.gcu.edu/,2026-10-01,281,35
Southern Methodist University,"Dallas, TX",USA,Private nonprofit,"Finance, General bachelor completions: 280",https://nces.ed.gov/collegenavigator/?id=228246,228246,https://www.smu.edu/,2026-10-01,280,36
University of Delaware,"Newark, DE",USA,Public,"Finance, General bachelor completions: 277",https://nces.ed.gov/collegenavigator/?id=130943,130943,https://www.udel.edu/,2026-10-01,277,37
University of Kentucky,"Lexington, KY",USA,Public,"Finance, General bachelor completions: 274",https://nces.ed.gov/collegenavigator/?id=157085,157085,https://www.uky.edu/,2026-10-01,274,38
Florida Atlantic University,"Boca Raton, FL",USA,Public,"Finance, General bachelor completions: 271",https://nces.ed.gov/collegenavigator/?id=133669,133669,https://www.fau.edu/,2026-10-01,271,39
University of Illinois Urbana-Champaign,"Champaign, IL",USA,Public,"Finance, General bachelor completions: 262",https://nces.ed.gov/collegenavigator/?id=145637,145637,https://www.illinois.edu/,2026-10-01,262,40
University of Washington-Seattle Campus,"Seattle, WA",USA,Public,"Finance, General bachelor completions: 257",https://nces.ed.gov/collegenavigator/?id=236948,236948,https://www.washington.edu/,2026-10-01,257,41
University of Connecticut,"Storrs, CT",USA,Public,"Finance, General bachelor completions: 252",https://nces.ed.gov/collegenavigator/?id=129020,129020,https://uconn.edu/,2026-10-01,252,42
The University of Texas at Dallas,"Richardson, TX",USA,Public,"Finance, General bachelor completions: 251",https://nces.ed.gov/collegenavigator/?id=228787,228787,https://www.utdallas.edu/,2026-10-01,251,43
University of Illinois Chicago,"Chicago, IL",USA,Public,"Finance, General bachelor completions: 246",https://nces.ed.gov/collegenavigator/?id=145600,145600,https://www.uic.edu/,2026-10-01,246,44
Purdue University-Main Campus,"West Lafayette, IN",USA,Public,"Finance, General bachelor completions: 244",https://nces.ed.gov/collegenavigator/?id=243780,243780,https://www.purdue.edu/,2026-10-01,244,45
Southern New Hampshire University,"Manchester, NH",USA,Private nonprofit,"Finance, General bachelor completions: 233",https://nces.ed.gov/collegenavigator/?id=183026,183026,https://www.snhu.edu/,2026-10-01,233,46
DePaul University,"Chicago, IL",USA,Private nonprofit,"Finance, General bachelor completions: 226",https://nces.ed.gov/collegenavigator/?id=144740,144740,https://www.depaul.edu/,2026-10-01,226,47
University of Florida,"Gainesville, FL",USA,Public,"Finance, General bachelor completions: 225",https://nces.ed.gov/collegenavigator/?id=134130,134130,https://www.ufl.edu/,2026-10-01,225,48
University of Miami,"Coral Gables, FL",USA,Private nonprofit,"Finance, General bachelor completions: 224",https://nces.ed.gov/collegenavigator/?id=135726,135726,https://www.miami.edu/,2026-10-01,224,49
University of Oklahoma-Norman Campus,"Norman, OK",USA,Public,"Finance, General bachelor completions: 221",https://nces.ed.gov/collegenavigator/?id=207500,207500,https://www.ou.edu/,2026-10-01,221,50
Georgia State University,"Atlanta, GA",USA,Public,"Finance, General bachelor completions: 219",https://nces.ed.gov/collegenavigator/?id=139940,139940,https://www.gsu.edu/,2026-10-01,219,51
Temple University,"Philadelphia, PA",USA,Public,"Finance, General bachelor completions: 218",https://nces.ed.gov/collegenavigator/?id=216339,216339,https://www.temple.edu/,2026-10-01,218,52
Iowa State University,"Ames, IA",USA,Public,"Finance, General bachelor completions: 215",https://nces.ed.gov/collegenavigator/?id=153603,153603,https://www.iastate.edu/,2026-10-01,215,53
Villanova University,"Villanova, PA",USA,Private nonprofit,"Finance, General bachelor completions: 214",https://nces.ed.gov/collegenavigator/?id=216597,216597,https://www.villanova.edu/,2026-10-01,214,54
University of North Texas,"Denton, TX",USA,Public,"Finance, General bachelor completions: 212",https://nces.ed.gov/collegenavigator/?id=227216,227216,https://www.unt.edu/,2026-10-01,212,55
Bryant University,"Smithfield, RI",USA,Private nonprofit,"Finance, General bachelor completions: 210",https://nces.ed.gov/collegenavigator/?id=217165,217165,https://www.bryant.edu/,2026-10-01,210,56
Boston College,"Chestnut Hill, MA",USA,Private nonprofit,"Finance, General bachelor completions: 209",https://nces.ed.gov/collegenavigator/?id=164924,164924,https://www.bc.edu/,2026-10-01,209,57
University of Utah,"Salt Lake City, UT",USA,Public,"Finance, General bachelor completions: 208",https://nces.ed.gov/collegenavigator/?id=230764,230764,https://www.utah.edu/,2026-10-01,208,58
Brigham Young University,"Provo, UT",USA,Private nonprofit,"Finance, General bachelor completions: 207",https://nces.ed.gov/collegenavigator/?id=230038,230038,https://byu.edu/,2026-10-01,207,59
Fairfield University,"Fairfield, CT",USA,Private nonprofit,"Finance, General bachelor completions: 202",https://nces.ed.gov/collegenavigator/?id=129242,129242,https://fairfield.edu/,2026-10-01,202,60
University of Mississippi,"University, MS",USA,Public,"Finance, General bachelor completions: 201",https://nces.ed.gov/collegenavigator/?id=176017,176017,https://www.olemiss.edu/,2026-10-01,201,61
Texas Christian University,"Fort Worth, TX",USA,Private nonprofit,"Finance, General bachelor completions: 200",https://nces.ed.gov/collegenavigator/?id=228875,228875,https://www.tcu.edu/,2026-10-01,200,62
Western Michigan University,"Kalamazoo, MI",USA,Public,"Finance, General bachelor completions: 200",https://nces.ed.gov/collegenavigator/?id=172699,172699,https://wmich.edu/,2026-10-01,200,63
Georgetown University,"Washington, DC",USA,Private nonprofit,"Finance, General bachelor completions: 197",https://nces.ed.gov/collegenavigator/?id=131496,131496,https://www.georgetown.edu/,2026-10-01,197,64
Washington State University,"Pullman, WA",USA,Public,"Finance, General bachelor completions: 196",https://nces.ed.gov/collegenavigator/?id=236939,236939,https://wsu.edu/,2026-10-01,196,65
The University of Tampa,"Tampa, FL",USA,Private nonprofit,"Finance, General bachelor completions: 194",https://nces.ed.gov/collegenavigator/?id=137847,137847,https://www.ut.edu/,2026-10-01,194,66
Lehigh University,"Bethlehem, PA",USA,Private nonprofit,"Finance, General bachelor completions: 186",https://nces.ed.gov/collegenavigator/?id=213543,213543,https://www.lehigh.edu/,2026-10-01,186,67
University of Arizona,"Tucson, AZ",USA,Public,"Finance, General bachelor completions: 186",https://nces.ed.gov/collegenavigator/?id=104179,104179,https://www.arizona.edu/,2026-10-01,186,68
Kennesaw State University,"Kennesaw, GA",USA,Public,"Finance, General bachelor completions: 182",https://nces.ed.gov/collegenavigator/?id=486840,486840,https://www.kennesaw.edu/,2026-10-01,182,69
Baylor University,"Waco, TX",USA,Private nonprofit,"Finance, General bachelor completions: 181",https://nces.ed.gov/collegenavigator/?id=223232,223232,https://www.baylor.edu/,2026-10-01,181,70
Oklahoma State University-Main Campus,"Stillwater, OK",USA,Public,"Finance, General bachelor completions: 177",https://nces.ed.gov/collegenavigator/?id=207388,207388,https://www.okstate.edu/,2026-10-01,177,71
University of Wisconsin-Whitewater,"Whitewater, WI",USA,Public,"Finance, General bachelor completions: 177",https://nces.ed.gov/collegenavigator/?id=240189,240189,https://www.uww.edu/,2026-10-01,177,72
Texas State University,"San Marcos, TX",USA,Public,"Finance, General bachelor completions: 176",https://nces.ed.gov/collegenavigator/?id=228459,228459,https://www.txst.edu/,2026-10-01,176,73
University of Nebraska-Lincoln,"Lincoln, NE",USA,Public,"Finance, General bachelor completions: 175",https://nces.ed.gov/collegenavigator/?id=181464,181464,https://www.unl.edu/,2026-10-01,175,74
Grand Valley State University,"Allendale, MI",USA,Public,"Finance, General bachelor completions: 174",https://nces.ed.gov/collegenavigator/?id=170082,170082,https://www.gvsu.edu/,2026-10-01,174,75
Santa Clara University,"Santa Clara, CA",USA,Private nonprofit,"Finance, General bachelor completions: 173",https://nces.ed.gov/collegenavigator/?id=122931,122931,https://www.scu.edu/,2026-10-01,173,76
University of Pittsburgh-Pittsburgh Campus,"Pittsburgh, PA",USA,Public,"Finance, General bachelor completions: 168",https://nces.ed.gov/collegenavigator/?id=215293,215293,https://www.pitt.edu/,2026-10-01,168,77
Rutgers University-Newark,"Newark, NJ",USA,Public,"Finance, General bachelor completions: 167",https://nces.ed.gov/collegenavigator/?id=186399,186399,https://www.newark.rutgers.edu/,2026-10-01,167,78
University of Dayton,"Dayton, OH",USA,Private nonprofit,"Finance, General bachelor completions: 166",https://nces.ed.gov/collegenavigator/?id=202480,202480,https://udayton.edu/,2026-10-01,166,79
Syracuse University,"Syracuse, NY",USA,Private nonprofit,"Finance, General bachelor completions: 162",https://nces.ed.gov/collegenavigator/?id=196413,196413,https://www.syracuse.edu/,2026-10-01,162,80
University of Wisconsin-La Crosse,"La Crosse, WI",USA,Public,"Finance, General bachelor completions: 162",https://nces.ed.gov/collegenavigator/?id=240329,240329,https://www.uwlax.edu/,2026-10-01,162,81
University of Maryland Global Campus,"Adelphi, MD",USA,Public,"Finance, General bachelor completions: 161",https://nces.ed.gov/collegenavigator/?id=163204,163204,https://www.umgc.edu/,2026-10-01,161,82
Illinois State University,"Normal, IL",USA,Public,"Finance, General bachelor completions: 158",https://nces.ed.gov/collegenavigator/?id=145813,145813,https://illinoisstate.edu/,2026-10-01,158,83
The University of Texas at San Antonio,"San Antonio, TX",USA,Public,"Finance, General bachelor completions: 158",https://nces.ed.gov/collegenavigator/?id=229027,229027,https://www.utsa.edu/,2026-10-01,158,84
University of Kansas,"Lawrence, KS",USA,Public,"Finance, General bachelor completions: 158",https://nces.ed.gov/collegenavigator/?id=155317,155317,https://ku.edu/,2026-10-01,158,85
Louisiana State University and Agricultural & Mechanical College,"Baton Rouge, LA",USA,Public,"Finance, General bachelor completions: 157",https://nces.ed.gov/collegenavigator/?id=159391,159391,https://www.lsu.edu/,2026-10-01,157,86
University of Wisconsin-Milwaukee,"Milwaukee, WI",USA,Public,"Finance, General bachelor completions: 156",https://nces.ed.gov/collegenavigator/?id=240453,240453,https://uwm.edu/,2026-10-01,156,87
Providence College,"Providence, RI",USA,Private nonprofit,"Finance, General bachelor completions: 152",https://nces.ed.gov/collegenavigator/?id=217402,217402,https://www.providence.edu/,2026-10-01,152,88
Wayne State University,"Detroit, MI",USA,Public,"Finance, General bachelor completions: 152",https://nces.ed.gov/collegenavigator/?id=172644,172644,https://wayne.edu/,2026-10-01,152,89
University of San Diego,"San Diego, CA",USA,Private nonprofit,"Finance, General bachelor completions: 147",https://nces.ed.gov/collegenavigator/?id=122436,122436,https://www.sandiego.edu/,2026-10-01,147,90
University of St Thomas,"Saint Paul, MN",USA,Private nonprofit,"Finance, General bachelor completions: 145",https://nces.ed.gov/collegenavigator/?id=174914,174914,https://www.stthomas.edu/,2026-10-01,145,91
West Virginia University,"Morgantown, WV",USA,Public,"Finance, General bachelor completions: 143",https://nces.ed.gov/collegenavigator/?id=238032,238032,https://www.wvu.edu/,2026-10-01,143,92
University of Houston-Downtown,"Houston, TX",USA,Public,"Finance, General bachelor completions: 141",https://nces.ed.gov/collegenavigator/?id=225432,225432,https://www.uhd.edu/,2026-10-01,141,93
Binghamton University,"Vestal, NY",USA,Public,"Finance, General bachelor completions: 135",https://nces.ed.gov/collegenavigator/?id=196079,196079,https://www.binghamton.edu/,2026-10-01,135,94
Northern Arizona University,"Flagstaff, AZ",USA,Public,"Finance, General bachelor completions: 135",https://nces.ed.gov/collegenavigator/?id=105330,105330,https://nau.edu/,2026-10-01,135,95
University of Nevada-Reno,"Reno, NV",USA,Public,"Finance, General bachelor completions: 135",https://nces.ed.gov/collegenavigator/?id=182290,182290,https://www.unr.edu/,2026-10-01,135,96
Elon University,"Elon, NC",USA,Private nonprofit,"Finance, General bachelor completions: 134",https://nces.ed.gov/collegenavigator/?id=198516,198516,https://www.elon.edu/,2026-10-01,134,97
West Chester University of Pennsylvania,"West Chester, PA",USA,Public,"Finance, General bachelor completions: 134",https://nces.ed.gov/collegenavigator/?id=216764,216764,https://www.wcupa.edu/,2026-10-01,134,98
Rowan University,"Glassboro, NJ",USA,Public,"Finance, General bachelor completions: 133",https://nces.ed.gov/collegenavigator/?id=184782,184782,https://www.rowan.edu/,2026-10-01,133,99
Wake Forest University,"Winston-Salem, NC",USA,Private nonprofit,"Finance, General bachelor completions: 133",https://nces.ed.gov/collegenavigator/?id=199847,199847,https://www.wfu.edu/,2026-10-01,133,100
