name,location,country,type,detail,source_url,institution_id,website,checked_at,region,authority,number
Abbeyfield School,"Northampton, West Northamptonshire",England,Academy sponsor led,Ages 11–18; Mixed; No boarders,https://get-information-schools.service.gov.uk/Establishments/Establishment/Details/138858,138858,https://www.abbeyfieldschool.org.uk,2026-10-01,East Midlands,West Northamptonshire,1
Aldercar High School,"Nottingham, Derbyshire",England,Academy converter,Ages 11–18; Mixed; No boarders,https://get-information-schools.service.gov.uk/Establishments/Establishment/Details/149364,149364,https://www.aldercarhigh.co.uk,2026-10-01,East Midlands,Derbyshire,2
Alderman White School,"Nottingham, Nottinghamshire",England,Academy converter,Ages 11–16; Mixed; No boarders,https://get-information-schools.service.gov.uk/Establishments/Establishment/Details/138832,138832,http://aldermanwhite.school/,2026-10-01,East Midlands,Nottinghamshire,3
All Saints' Catholic Voluntary Academy,"Mansfield, Nottinghamshire",England,Academy converter,Ages 11–18; Mixed; No boarders,https://get-information-schools.service.gov.uk/Establishments/Establishment/Details/140698,140698,http://www.allsaints.notts.sch.uk,2026-10-01,East Midlands,Nottinghamshire,4
Allestree Woodlands School,"Derby, Derby",England,Academy converter,Ages 11–18; Mixed; No boarders,https://get-information-schools.service.gov.uk/Establishments/Establishment/Details/137911,137911,https://www.woodlands.ttct.co.uk,2026-10-01,East Midlands,Derby,5
Alvaston Moor Academy,"Derby, Derby",England,Academy sponsor led,Ages 11–19; Mixed; No boarders,https://get-information-schools.service.gov.uk/Establishments/Establishment/Details/148538,148538,https://www.alvastonmoor.co.uk/,2026-10-01,East Midlands,Derby,6
Anthony Gell School,"Matlock, Derbyshire",England,Academy converter,Ages 11–18; Mixed; No boarders,https://get-information-schools.service.gov.uk/Establishments/Establishment/Details/149644,149644,https://www.anthonygell.co.uk,2026-10-01,East Midlands,Derbyshire,7
Ashfield Comprehensive School,"Nottingham, Nottinghamshire",England,Academy converter,Ages 11–18; Mixed; No boarders,https://get-information-schools.service.gov.uk/Establishments/Establishment/Details/137981,137981,https://www.ashfield.ttct.co.uk/,2026-10-01,East Midlands,Nottinghamshire,8
Babington Academy,"Leicester, Leicester",England,Academy converter,Ages 11–16; Mixed; No boarders,https://get-information-schools.service.gov.uk/Establishments/Establishment/Details/143247,143247,http://www.babington.leicester.sch.uk/,2026-10-01,East Midlands,Leicester,9
Beauchamp College,"Leicester, Leicestershire",England,Academy converter,Ages 11–19; Mixed; No boarders,https://get-information-schools.service.gov.uk/Establishments/Establishment/Details/139624,139624,http://www.beauchamp.org.uk,2026-10-01,East Midlands,Leicestershire,10
Beaumont Leys School,"Leicester, Leicester",England,Community school,Ages 11–16; Mixed; No boarders,https://get-information-schools.service.gov.uk/Establishments/Establishment/Details/120281,120281,http://www.beaumontleys.leicester.sch.uk/,2026-10-01,East Midlands,Leicester,11
Belper School and Sixth Form Centre,"Belper, Derbyshire",England,Foundation school,Ages 11–18; Mixed; No boarders,https://get-information-schools.service.gov.uk/Establishments/Establishment/Details/112989,112989,http://www.belperschool.co.uk,2026-10-01,East Midlands,Derbyshire,12
"Abbey College, Ramsey","Ramsey, Cambridgeshire",England,Academy converter,Ages 11–18; Mixed; No boarders,https://get-information-schools.service.gov.uk/Establishments/Establishment/Details/137377,137377,https://www.abbey.college/,2026-10-01,East of England,Cambridgeshire,13
Acle Academy,"Norwich, Norfolk",England,Academy converter,Ages 11–16; Mixed; No boarders,https://get-information-schools.service.gov.uk/Establishments/Establishment/Details/138758,138758,http://www.acleacademy.co.uk,2026-10-01,East of England,Norfolk,14
Alde Valley Academy,"Leiston, Suffolk",England,Academy sponsor led,Ages 11–16; Mixed; No boarders,https://get-information-schools.service.gov.uk/Establishments/Establishment/Details/141236,141236,http://www.aldevalley.suffolk.sch.uk,2026-10-01,East of England,Suffolk,15
Alderman Peel High School,"Wells-next-the-Sea, Norfolk",England,Academy converter,Ages 11–16; Mixed; No boarders,https://get-information-schools.service.gov.uk/Establishments/Establishment/Details/145089,145089,https://www.wensumtrust.org.uk/aldermanpeel,2026-10-01,East of England,Norfolk,16
Alec Hunter Academy,"Braintree, Essex",England,Academy sponsor led,Ages 11–16; Mixed; No boarders,https://get-information-schools.service.gov.uk/Establishments/Establishment/Details/139402,139402,http://www.alechunter.org/,2026-10-01,East of England,Essex,17
All Saints Academy Dunstable,"Dunstable, Central Bedfordshire",England,Academy sponsor led,Ages 11–18; Mixed; No boarders,https://get-information-schools.service.gov.uk/Establishments/Establishment/Details/135946,135946,http://www.allsaintsacademydunstable.org/,2026-10-01,East of England,Central Bedfordshire,18
Anglo European School,"Ingatestone, Essex",England,Academy converter,Ages 11–19; Mixed; No boarders,https://get-information-schools.service.gov.uk/Establishments/Establishment/Details/137727,137727,http://aesessex.co.uk/,2026-10-01,East of England,Essex,19
Arthur Mellows Village College,"Peterborough, Peterborough",England,Academy converter,Ages 11–18; Mixed; No boarders,https://get-information-schools.service.gov.uk/Establishments/Establishment/Details/136266,136266,https://www.arthurmellows.org,2026-10-01,East of England,Peterborough,20
Ashlyns School,"Berkhamsted, Hertfordshire",England,Foundation school,Ages 11–18; Mixed; No boarders,https://get-information-schools.service.gov.uk/Establishments/Establishment/Details/117578,117578,http://www.ashlyns.herts.sch.uk/,2026-10-01,East of England,Hertfordshire,21
Attleborough Academy,"Attleborough, Norfolk",England,Academy converter,Ages 11–18; Mixed; No boarders,https://get-information-schools.service.gov.uk/Establishments/Establishment/Details/140534,140534,https://www.attleboroughacademy.org,2026-10-01,East of England,Norfolk,22
Aylsham High School,"Norwich, Norfolk",England,Foundation school,Ages 11–16; Mixed; No boarders,https://get-information-schools.service.gov.uk/Establishments/Establishment/Details/121164,121164,http://www.aylshamhigh.com/,2026-10-01,East of England,Norfolk,23
Abbs Cross Academy and Arts College,"Hornchurch, Havering",England,Academy converter,Ages 11–16; Mixed; No boarders,https://get-information-schools.service.gov.uk/Establishments/Establishment/Details/136663,136663,http://www.abbscross.net,2026-10-01,London,Havering,24
Acland Burghley School,"London, Camden",England,Community school,Ages 11–18; Mixed; No boarders,https://get-information-schools.service.gov.uk/Establishments/Establishment/Details/100053,100053,http://www.aclandburghley.camden.sch.uk/,2026-10-01,London,Camden,25
Addey and Stanhope School,"London, Lewisham",England,Voluntary aided school,Ages 11–16; Mixed; No boarders,https://get-information-schools.service.gov.uk/Establishments/Establishment/Details/100748,100748,http://www.as.lewisham.sch.uk,2026-10-01,London,Lewisham,26
Alexandra Park School,"London, Haringey",England,Academy converter,Ages 11–18; Mixed; No boarders,https://get-information-schools.service.gov.uk/Establishments/Establishment/Details/137531,137531,https://www.alexandrapark.school,2026-10-01,London,Haringey,27
All Saints Catholic College,"London, Kensington and Chelsea",England,Voluntary aided school,Ages 11–16; Mixed; No boarders,https://get-information-schools.service.gov.uk/Establishments/Establishment/Details/100503,100503,http://www.allsaintscc.org.uk,2026-10-01,London,Kensington and Chelsea,28
All Saints Catholic High School,"London, Hackney",England,Voluntary aided school,Ages 11–18; Mixed; No boarders,https://get-information-schools.service.gov.uk/Establishments/Establishment/Details/100282,100282,https://www.allsaintschs.co.uk,2026-10-01,London,Hackney,29
All Saints Catholic School and Technology College,"Dagenham, Barking and Dagenham",England,Voluntary aided school,Ages 11–18; Mixed; No boarders,https://get-information-schools.service.gov.uk/Establishments/Establishment/Details/101247,101247,http://www.allsaintsschool.co.uk/,2026-10-01,London,Barking and Dagenham,30
Alperton Community School,"Wembley, Brent",England,Academy converter,Ages 11–18; Mixed; No boarders,https://get-information-schools.service.gov.uk/Establishments/Establishment/Details/138610,138610,https://www.alperton.brent.sch.uk,2026-10-01,London,Brent,31
Archbishop Tenison's CofE High School,"Croydon, Croydon",England,Voluntary aided school,Ages 11–18; Mixed; No boarders,https://get-information-schools.service.gov.uk/Establishments/Establishment/Details/101811,101811,http://www.archten.croydon.sch.uk/,2026-10-01,London,Croydon,32
Ark Acton Academy,"London, Ealing",England,Academy sponsor led,Ages 11–18; Mixed; No boarders,https://get-information-schools.service.gov.uk/Establishments/Establishment/Details/146318,146318,https://arkacton.org,2026-10-01,London,Ealing,33
Ark All Saints Academy,"London, Southwark",England,Academy sponsor led,Ages 11–18; Mixed; No boarders,https://get-information-schools.service.gov.uk/Establishments/Establishment/Details/139718,139718,http://arkallsaintsacademy.org/,2026-10-01,London,Southwark,34
Acklam Grange School,"Middlesbrough, Middlesbrough",England,Academy converter,Ages 11–16; Mixed; No boarders,https://get-information-schools.service.gov.uk/Establishments/Establishment/Details/145774,145774,http://www.acklamgrange.org.uk/,2026-10-01,North East,Middlesbrough,35
All Saints Church of England Academy,"Stockton-on-Tees, Stockton-on-Tees",England,Academy converter,Ages 11–16; Mixed; No boarders,https://get-information-schools.service.gov.uk/Establishments/Establishment/Details/139606,139606,http://www.allsaintsib.org,2026-10-01,North East,Stockton-on-Tees,36
Ashington Academy,"Ashington, Northumberland",England,Academy sponsor led,Ages 11–18; Mixed; No boarders,https://get-information-schools.service.gov.uk/Establishments/Establishment/Details/144601,144601,https://www.ashingtonacademy.co.uk,2026-10-01,North East,Northumberland,37
Bedlington Academy,"Bedlington, Northumberland",England,Academy sponsor led,Ages 11–18; Mixed; No boarders,https://get-information-schools.service.gov.uk/Establishments/Establishment/Details/144977,144977,https://www.bedlingtonacademy.co.uk,2026-10-01,North East,Northumberland,38
Belmont Community School,"Durham, County Durham",England,Community school,Ages 11–16; Mixed; No boarders,https://get-information-schools.service.gov.uk/Establishments/Establishment/Details/114308,114308,http://www.belmontschool.org.uk,2026-10-01,North East,County Durham,39
Benfield School,"Newcastle-upon-Tyne, Newcastle upon Tyne",England,Academy converter,Ages 11–16; Mixed; No boarders,https://get-information-schools.service.gov.uk/Establishments/Establishment/Details/144271,144271,https://benfield.neat.org.uk/,2026-10-01,North East,Newcastle upon Tyne,40
Berwick Academy,"Berwick-upon-Tweed, Northumberland",England,Academy converter,Ages 13–18; Mixed; No boarders,https://get-information-schools.service.gov.uk/Establishments/Establishment/Details/137598,137598,http://www.berwickacademy.co.uk,2026-10-01,North East,Northumberland,41
Biddick Academy,"Washington, Sunderland",England,Academy converter,Ages 11–16; Mixed; No boarders,https://get-information-schools.service.gov.uk/Establishments/Establishment/Details/139839,139839,http://www.biddickacademy.com/,2026-10-01,North East,Sunderland,42
Bishop Barrington Academy,"Bishop Auckland, County Durham",England,Academy converter,Ages 11–16; Mixed; No boarders,https://get-information-schools.service.gov.uk/Establishments/Establishment/Details/148706,148706,https://bishopbarrington.org.uk/,2026-10-01,North East,County Durham,43
Boldon School,"Boldon Colliery, South Tyneside",England,Community school,Ages 11–16; Mixed; No boarders,https://get-information-schools.service.gov.uk/Establishments/Establishment/Details/108730,108730,http://boldonschool.com/,2026-10-01,North East,South Tyneside,44
Burnside College,"Wallsend, North Tyneside",England,Foundation school,Ages 11–18; Mixed; No boarders,https://get-information-schools.service.gov.uk/Establishments/Establishment/Details/108640,108640,http://www.burnsidecollege.org.uk,2026-10-01,North East,North Tyneside,45
Academy@Worden,"Leyland, Lancashire",England,Academy converter,Ages 11–16; Mixed; No boarders,https://get-information-schools.service.gov.uk/Establishments/Establishment/Details/139290,139290,http://www.academyatworden.co.uk,2026-10-01,North West,Lancashire,46
Accrington Academy,"Accrington, Lancashire",England,Academy sponsor led,Ages 11–16; Mixed; No boarders,https://get-information-schools.service.gov.uk/Establishments/Establishment/Details/135649,135649,http://www.accrington-academy.org/,2026-10-01,North West,Lancashire,47
Accrington St Christopher's Church of England High School,"Accrington, Lancashire",England,Academy converter,Ages 11–18; Mixed; No boarders,https://get-information-schools.service.gov.uk/Establishments/Establishment/Details/137421,137421,http://www.st-christophers.org/,2026-10-01,North West,Lancashire,48
Albany Academy,"Chorley, Lancashire",England,Academy converter,Ages 11–16; Mixed; No boarders,https://get-information-schools.service.gov.uk/Establishments/Establishment/Details/138544,138544,http://www.albanyacademy.co.uk,2026-10-01,North West,Lancashire,49
Alder Community High School,"Hyde, Tameside",England,Community school,Ages 11–16; Mixed; No boarders,https://get-information-schools.service.gov.uk/Establishments/Establishment/Details/134283,134283,http://www.aldercommunityhighschool.org.uk/,2026-10-01,North West,Tameside,50
Alder Grange School,"Rossendale, Lancashire",England,Community school,Ages 11–18; Mixed; No boarders,https://get-information-schools.service.gov.uk/Establishments/Establishment/Details/119722,119722,http://www.aldergrange.com,2026-10-01,North West,Lancashire,51
All Hallows Catholic College,"Macclesfield, Cheshire East",England,Academy converter,Ages 11–18; Mixed; No boarders,https://get-information-schools.service.gov.uk/Establishments/Establishment/Details/139139,139139,http://www.allhallows.org.uk/,2026-10-01,North West,Cheshire East,52
All Hallows Catholic High School,"Preston, Lancashire",England,Voluntary aided school,Ages 11–16; Mixed; No boarders,https://get-information-schools.service.gov.uk/Establishments/Establishment/Details/119802,119802,http://www.allhallows.lancs.sch.uk,2026-10-01,North West,Lancashire,53
All Hallows RC High School,"Salford, Salford",England,Voluntary aided school,Ages 11–16; Mixed; No boarders,https://get-information-schools.service.gov.uk/Establishments/Establishment/Details/131512,131512,https://www.allhallowsrc.co.uk/,2026-10-01,North West,Salford,54
All Saints Catholic College,"Dukinfield, Tameside",England,Academy converter,Ages 11–16; Mixed; No boarders,https://get-information-schools.service.gov.uk/Establishments/Establishment/Details/139735,139735,http://www.allsaintscatholiccollege.com/,2026-10-01,North West,Tameside,55
All Saints Catholic High School,"Knowsley, Knowsley",England,Voluntary aided school,Ages 11–18; Mixed; No boarders,https://get-information-schools.service.gov.uk/Establishments/Establishment/Details/135479,135479,http://allsaintschs.org.uk,2026-10-01,North West,Knowsley,56
Admiral Lord Nelson School,"Portsmouth, Portsmouth",England,Academy converter,Ages 11–16; Mixed; No boarders,https://get-information-schools.service.gov.uk/Establishments/Establishment/Details/140697,140697,http://www.alns.co.uk/,2026-10-01,South East,Portsmouth,57
All Hallows Catholic School,"Farnham, Surrey",England,Academy converter,Ages 11–18; Mixed; No boarders,https://get-information-schools.service.gov.uk/Establishments/Establishment/Details/151190,151190,http://www.allhallows.net,2026-10-01,South East,Surrey,58
Altwood Church of England School,"Maidenhead, Windsor and Maidenhead",England,Academy converter,Ages 11–18; Mixed; No boarders,https://get-information-schools.service.gov.uk/Establishments/Establishment/Details/138342,138342,http://www.altwoodschool.co.uk,2026-10-01,South East,Windsor and Maidenhead,59
Amersham School,"Amersham, Buckinghamshire",England,Academy converter,Ages 11–18; Mixed; No boarders,https://get-information-schools.service.gov.uk/Establishments/Establishment/Details/137343,137343,http://www.amershamschool.org.uk,2026-10-01,South East,Buckinghamshire,60
Amery Hill School,"Alton, Hampshire",England,Academy converter,Ages 11–16; Mixed; No boarders,https://get-information-schools.service.gov.uk/Establishments/Establishment/Details/137535,137535,http://www.ameryhill.hants.sch.uk/,2026-10-01,South East,Hampshire,61
Applemore College,"Southampton, Hampshire",England,Foundation school,Ages 11–16; Mixed; No boarders,https://get-information-schools.service.gov.uk/Establishments/Establishment/Details/116504,116504,http://www.applemore.hants.sch.uk/,2026-10-01,South East,Hampshire,62
Ark Alexandra Academy,"HASTINGS, East Sussex",England,Academy sponsor led,Ages 11–16; Mixed; No boarders,https://get-information-schools.service.gov.uk/Establishments/Establishment/Details/139821,139821,http://arkalexandra.org/,2026-10-01,South East,East Sussex,63
Ark Charter Academy,"Southsea, Portsmouth",England,Academy sponsor led,Ages 11–16; Mixed; No boarders,https://get-information-schools.service.gov.uk/Establishments/Establishment/Details/135965,135965,http://charteracademy.org.uk/,2026-10-01,South East,Portsmouth,64
Ash Manor School,"Ash, Surrey",England,Community school,Ages 11–16; Mixed; No boarders,https://get-information-schools.service.gov.uk/Establishments/Establishment/Details/125271,125271,https://www.ashmanorschool.com,2026-10-01,South East,Surrey,65
Astor Secondary School,"Dover, Kent",England,Academy converter,Ages 11–18; Mixed; No boarders,https://get-information-schools.service.gov.uk/Establishments/Establishment/Details/138167,138167,http://www.astorschool.com,2026-10-01,South East,Kent,66
Aureus School,"Didcot, Oxfordshire",England,Academy sponsor led,Ages 11–16; Mixed; ,https://get-information-schools.service.gov.uk/Establishments/Establishment/Details/140653,140653,https://www.aureusschool.org,2026-10-01,South East,Oxfordshire,67
Abbey Park School,"Swindon, Swindon",England,Academy sponsor led,Ages 11–16; Mixed; No boarders,https://get-information-schools.service.gov.uk/Establishments/Establishment/Details/145744,145744,https://www.abbeyparkschool.org.uk,2026-10-01,South West,Swindon,68
Abbeyfield School,"Chippenham, Wiltshire",England,Academy converter,Ages 11–19; Mixed; No boarders,https://get-information-schools.service.gov.uk/Establishments/Establishment/Details/151948,151948,http://www.abbeyfield.wilts.sch.uk/,2026-10-01,South West,Wiltshire,69
Abbeywood Community School,"Bristol, South Gloucestershire",England,Academy sponsor led,Ages 11–19; Mixed; No boarders,https://get-information-schools.service.gov.uk/Establishments/Establishment/Details/139067,139067,https://www.abbeywoodschool.com,2026-10-01,South West,South Gloucestershire,70
All Saints Church of England Academy,"Plymouth, Plymouth",England,Academy sponsor led,Ages 11–16; Mixed; No boarders,https://get-information-schools.service.gov.uk/Establishments/Establishment/Details/136142,136142,http://www.asap.org.uk/,2026-10-01,South West,Plymouth,71
"All Saints' Academy, Cheltenham","Cheltenham, Gloucestershire",England,Academy sponsor led,Ages 11–19; Mixed; No boarders,https://get-information-schools.service.gov.uk/Establishments/Establishment/Details/136016,136016,http://www.asachelt.org/,2026-10-01,South West,Gloucestershire,72
All Saints' Church of England Academy,"Weymouth, Dorset",England,Academy sponsor led,Ages 11–16; Mixed; No boarders,https://get-information-schools.service.gov.uk/Establishments/Establishment/Details/147214,147214,https://www.allsaints-academy.co.uk/,2026-10-01,South West,Dorset,73
Ansford Academy,"Castle Cary, Somerset",England,Academy converter,Ages 11–16; Mixed; No boarders,https://get-information-schools.service.gov.uk/Establishments/Establishment/Details/136839,136839,http://www.ansford.org.uk,2026-10-01,South West,Somerset,74
Archway School,"Stroud, Gloucestershire",England,Community school,Ages 11–18; Mixed; No boarders,https://get-information-schools.service.gov.uk/Establishments/Establishment/Details/115723,115723,http://www.archwayschool.net/,2026-10-01,South West,Gloucestershire,75
Ashton Park School,"Bristol, Bristol, City of",England,Academy sponsor led,Ages 11–18; Mixed; No boarders,https://get-information-schools.service.gov.uk/Establishments/Establishment/Details/145398,145398,https://www.ashtonpark.net,2026-10-01,South West,"Bristol, City of",76
Avon Valley Academy,"Salisbury, Wiltshire",England,Academy converter,Ages 11–16; Mixed; No boarders,https://get-information-schools.service.gov.uk/Establishments/Establishment/Details/143005,143005,https://www.avonvalleyacademy.co.uk/,2026-10-01,South West,Wiltshire,77
Avonbourne Boys' Academy,"Bournemouth, Bournemouth, Christchurch and Poole",England,Academy converter,Ages 11–16; Boys; No boarders,https://get-information-schools.service.gov.uk/Establishments/Establishment/Details/147467,147467,https://www.avonbourneboysacademy.org.uk/,2026-10-01,South West,"Bournemouth, Christchurch and Poole",78
Abbot Beyne School,"Burton-on-Trent, Staffordshire",England,Voluntary controlled school,Ages 11–18; Mixed; No boarders,https://get-information-schools.service.gov.uk/Establishments/Establishment/Details/124449,124449,http://abbotbeyneschool.co.uk,2026-10-01,West Midlands,Staffordshire,79
Alcester Academy,"Alcester, Warwickshire",England,Academy converter,Ages 11–16; Mixed; No boarders,https://get-information-schools.service.gov.uk/Establishments/Establishment/Details/137172,137172,http://www.alcesteracademy.org.uk,2026-10-01,West Midlands,Warwickshire,80
Alderbrook School,"Solihull, Solihull",England,Academy converter,Ages 11–18; Mixed; No boarders,https://get-information-schools.service.gov.uk/Establishments/Establishment/Details/136994,136994,http://www.alderbrookschool.co.uk,2026-10-01,West Midlands,Solihull,81
Aldersley High School,"Wolverhampton, Wolverhampton",England,Academy converter,Ages 11–18; Mixed; No boarders,https://get-information-schools.service.gov.uk/Establishments/Establishment/Details/139138,139138,https://aldersley.aatrust.co.uk,2026-10-01,West Midlands,Wolverhampton,82
Aldridge School - A Science College,"Walsall, Walsall",England,Academy converter,Ages 11–18; Mixed; No boarders,https://get-information-schools.service.gov.uk/Establishments/Establishment/Details/137974,137974,http://www.aldridgeschool.org,2026-10-01,West Midlands,Walsall,83
Alleyne's Academy,"Stone, Staffordshire",England,Academy converter,Ages 13–18; Mixed; No boarders,https://get-information-schools.service.gov.uk/Establishments/Establishment/Details/140123,140123,http://www.alleynesacademy.co.uk,2026-10-01,West Midlands,Staffordshire,84
Archbishop Ilsley Catholic School,"Birmingham, Birmingham",England,Academy converter,Ages 11–18; Mixed; No boarders,https://get-information-schools.service.gov.uk/Establishments/Establishment/Details/146124,146124,http://www.ilsley.bham.sch.uk/,2026-10-01,West Midlands,Birmingham,85
Arden,"Solihull, Solihull",England,Academy converter,Ages 11–18; Mixed; No boarders,https://get-information-schools.service.gov.uk/Establishments/Establishment/Details/136333,136333,http://www.arden.solihull.sch.uk/,2026-10-01,West Midlands,Solihull,86
Ark Boulton Academy,"Birmingham, Birmingham",England,Academy sponsor led,Ages 11–16; Mixed; No boarders,https://get-information-schools.service.gov.uk/Establishments/Establishment/Details/140014,140014,http://arkboulton.org/,2026-10-01,West Midlands,Birmingham,87
Ark St Alban's Academy,"Birmingham, Birmingham",England,Academy sponsor led,Ages 11–18; Mixed; No boarders,https://get-information-schools.service.gov.uk/Establishments/Establishment/Details/135970,135970,http://arkstalbans.org/,2026-10-01,West Midlands,Birmingham,88
Arrow Vale High School,"Redditch, Worcestershire",England,Academy sponsor led,Ages 13–18; Mixed; No boarders,https://get-information-schools.service.gov.uk/Establishments/Establishment/Details/138505,138505,https://www.arrowvaleschool.org.uk/,2026-10-01,West Midlands,Worcestershire,89
Abbey Grange Church of England Academy,"Leeds, Leeds",England,Academy converter,Ages 11–18; Mixed; No boarders,https://get-information-schools.service.gov.uk/Establishments/Establishment/Details/137083,137083,http://www.abbeygrangeacademy.co.uk/,2026-10-01,Yorkshire and the Humber,Leeds,90
Airedale Academy,"Castleford, Wakefield",England,Academy converter,Ages 11–18; Mixed; No boarders,https://get-information-schools.service.gov.uk/Establishments/Establishment/Details/136613,136613,http://www.airedaleacademy.com/,2026-10-01,Yorkshire and the Humber,Wakefield,91
All Saints Catholic College,"Huddersfield, Kirklees",England,Voluntary aided school,Ages 11–16; Mixed; No boarders,https://get-information-schools.service.gov.uk/Establishments/Establishment/Details/107782,107782,https://www.aschc.co.uk,2026-10-01,Yorkshire and the Humber,Kirklees,92
All Saints Catholic School York,"York, York",England,Academy converter,Ages 11–18; Mixed; No boarders,https://get-information-schools.service.gov.uk/Establishments/Establishment/Details/149517,149517,https://allsaintsyork.npcat.org.uk/,2026-10-01,Yorkshire and the Humber,York,93
All Saints' Catholic High School,"Sheffield, Sheffield",England,Academy converter,Ages 11–18; Mixed; No boarders,https://get-information-schools.service.gov.uk/Establishments/Establishment/Details/138337,138337,http://www.allsaints.sheffield.sch.uk/,2026-10-01,Yorkshire and the Humber,Sheffield,94
Allerton Grange School,"Leeds, Leeds",England,Community school,Ages 11–18; Mixed; No boarders,https://get-information-schools.service.gov.uk/Establishments/Establishment/Details/108058,108058,http://www.allertongrange.com,2026-10-01,Yorkshire and the Humber,Leeds,95
Allerton High School,"Leeds, Leeds",England,Community school,Ages 11–18; Mixed; No boarders,https://get-information-schools.service.gov.uk/Establishments/Establishment/Details/108057,108057,https://www.allertonhigh.org.uk,2026-10-01,Yorkshire and the Humber,Leeds,96
"Archbishop Holgate's School, A Church of England Academy","York, York",England,Academy converter,Ages 11–18; Mixed; No boarders,https://get-information-schools.service.gov.uk/Establishments/Establishment/Details/136617,136617,http://www.archbishopholgates.academy,2026-10-01,Yorkshire and the Humber,York,97
Ark Carleton High School,"Pontefract, Wakefield",England,Academy converter,Ages 11–16; Mixed; No boarders,https://get-information-schools.service.gov.uk/Establishments/Establishment/Details/139501,139501,https://arkcarletonhigh.org.uk/,2026-10-01,Yorkshire and the Humber,Wakefield,98
Ark the King's School,"Pontefract, Wakefield",England,Academy converter,Ages 11–16; Mixed; No boarders,https://get-information-schools.service.gov.uk/Establishments/Establishment/Details/139500,139500,https://arkkingsschool.org.uk/,2026-10-01,Yorkshire and the Humber,Wakefield,99
Armthorpe Academy,"Doncaster, Doncaster",England,Academy converter,Ages 11–16; Mixed; No boarders,https://get-information-schools.service.gov.uk/Establishments/Establishment/Details/138314,138314,https://www.armthorpeacademy.org.uk/,2026-10-01,Yorkshire and the Humber,Doncaster,100
