name,location,country,type,detail,source_url,institution_id,website,checked_at,province,grades,number
Calgary Academy,"Calgary, Alberta",Canada,CAIS-directory school,Grades: K-12,https://www.cais.ca/page.cfm?p=2502&start=1,page.cfm?p=2502&start=1,http://www.calgaryacademy.com,2026-10-01,Alberta,K-12,1
Lycée international de Calgary,"Calgary, Alberta",Canada,CAIS-directory school,Grades: Preschool to Grade 12,https://www.cais.ca/page.cfm?p=347&start=1,page.cfm?p=347&start=1,http://www.lycee.ca,2026-10-01,Alberta,Preschool to Grade 12,2
Rundle College,"Calgary, Alberta",Canada,CAIS-directory school,Grades: K-12,https://www.cais.ca/page.cfm?p=362&start=1,page.cfm?p=362&start=1,http://www.rundle.ab.ca,2026-10-01,Alberta,K-12,3
Strathcona-Tweedsmuir School,"Foothills, Alberta",Canada,CAIS-directory school,Grades: K-12,https://www.cais.ca/page.cfm?p=383&start=1,page.cfm?p=383&start=1,http://www.strathconatweedsmuir.com,2026-10-01,Alberta,K-12,4
West Island College,"Calgary, Alberta",Canada,CAIS-directory school,Grades: 7-12,https://www.cais.ca/page.cfm?p=400&start=1,page.cfm?p=400&start=1,http://www.westislandcollege.ab.ca,2026-10-01,Alberta,7-12,5
Aberdeen Hall Preparatory School,"Kelowna, British Columbia",Canada,CAIS-directory school,Grades: Pre-K to Grade 12,https://www.cais.ca/page.cfm?p=2424&start=1,page.cfm?p=2424&start=1,http://www.aberdeenhall.com,2026-10-01,British Columbia,Pre-K to Grade 12,6
Aspengrove School,"Nanaimo, British Columbia",Canada,CAIS-directory school,Grades: JrK3-Grade 12,https://www.cais.ca/page.cfm?p=1988&start=1,page.cfm?p=1988&start=1,http://www.aspengroveschool.ca,2026-10-01,British Columbia,JrK3-Grade 12,7
Brentwood College School,"Mill Bay, British Columbia",Canada,CAIS-directory school,Grades: 9-12,https://www.cais.ca/page.cfm?p=321&start=1,page.cfm?p=321&start=1,http://www.brentwood.ca,2026-10-01,British Columbia,9-12,8
Brockton School,"North Vancouver, British Columbia",Canada,CAIS-directory school,Grades: JK-12,https://www.cais.ca/page.cfm?p=2466&start=1,page.cfm?p=2466&start=1,http://brocktonschool.com,2026-10-01,British Columbia,JK-12,9
Collingwood School,"West Vancouver, British Columbia",Canada,CAIS-directory school,Grades: JK-12,https://www.cais.ca/page.cfm?p=323&start=1,page.cfm?p=323&start=1,http://www.collingwood.org,2026-10-01,British Columbia,JK-12,10
Crofton House School,"Vancouver, British Columbia",Canada,CAIS-directory school,Grades: JK-12,https://www.cais.ca/page.cfm?p=326&start=1,page.cfm?p=326&start=1,http://www.croftonhouse.ca,2026-10-01,British Columbia,JK-12,11
Fraser Academy,"Vancouver, British Columbia",Canada,CAIS-directory school,Grades: 1-12,https://www.cais.ca/page.cfm?p=328&start=1,page.cfm?p=328&start=1,http://www.fraseracademy.ca,2026-10-01,British Columbia,1-12,12
Glenlyon Norfolk School,"Victoria, British Columbia",Canada,CAIS-directory school,Grades: JK-12,https://www.cais.ca/page.cfm?p=329&start=1,page.cfm?p=329&start=1,http://www.mygns.ca,2026-10-01,British Columbia,JK-12,13
Island Pacific School,"Bowen Island, British Columbia",Canada,CAIS-directory school,Grades: 6-9,https://www.cais.ca/page.cfm?p=339&start=1,page.cfm?p=339&start=1,http://www.islandpacific.org,2026-10-01,British Columbia,6-9,14
Kenneth Gordon Maplewood School,"Vancouver, British Columbia",Canada,CAIS-directory school,Grades: K-12,https://www.cais.ca/page.cfm?p=2413&start=1,page.cfm?p=2413&start=1,http://kgms.ca,2026-10-01,British Columbia,K-12,15
King David High School,"Vancouver, British Columbia",Canada,CAIS-directory school,Grades: 8-12,https://www.cais.ca/page.cfm?p=1407&start=1,page.cfm?p=1407&start=1,http://www.kdhs.org,2026-10-01,British Columbia,8-12,16
Meadowridge School,"Maple Ridge, British Columbia",Canada,CAIS-directory school,Grades: Junior Kindergarten to Grade 12,https://www.cais.ca/page.cfm?p=350&start=1,page.cfm?p=350&start=1,http://www.meadowridge.bc.ca,2026-10-01,British Columbia,Junior Kindergarten to Grade 12,17
Mulgrave School,"West Vancouver, British Columbia",Canada,CAIS-directory school,Grades: Pre-K to Grade 12,https://www.cais.ca/page.cfm?p=1960&start=1,page.cfm?p=1960&start=1,http://www.mulgrave.com,2026-10-01,British Columbia,Pre-K to Grade 12,18
Queen Margaret's School,"Duncan, British Columbia",Canada,CAIS-directory school,"Grades: Day Grades: Preschool-Grade 12, Boarding: Grades 8-12",https://www.cais.ca/page.cfm?p=357&start=1,page.cfm?p=357&start=1,http://qms.bc.ca,2026-10-01,British Columbia,"Day Grades: Preschool-Grade 12, Boarding: Grades 8-12",19
Shawnigan Lake School,"Shawnigan Lake, British Columbia",Canada,CAIS-directory school,Grades: 8-12,https://www.cais.ca/page.cfm?p=367&start=1,page.cfm?p=367&start=1,http://www.shawnigan.ca,2026-10-01,British Columbia,8-12,20
Southpointe Academy,"Tsawwassen, British Columbia",Canada,CAIS-directory school,Grades: K-12,https://www.cais.ca/page.cfm?p=2427&start=1,page.cfm?p=2427&start=1,http://www.southpointe.ca,2026-10-01,British Columbia,K-12,21
Southridge School,"Surrey, British Columbia",Canada,CAIS-directory school,Grades: K-12,https://www.cais.ca/page.cfm?p=370&start=1,page.cfm?p=370&start=1,http://www.southridge.ca,2026-10-01,British Columbia,K-12,22
St. George's School,"Vancouver, British Columbia",Canada,CAIS-directory school,Grades: K-12,https://www.cais.ca/page.cfm?p=373&start=1,page.cfm?p=373&start=1,http://www.stgeorges.bc.ca,2026-10-01,British Columbia,K-12,23
Balmoral Hall School,"Winnipeg, Manitoba",Canada,CAIS-directory school,Grades: 2 year-old Childcare to grade 12,https://www.cais.ca/page.cfm?p=316&start=1,page.cfm?p=316&start=1,http://www.balmoralhall.com,2026-10-01,Manitoba,2 year-old Childcare to grade 12,24
Gray Academy of Jewish Education,"Winnipeg, Manitoba",Canada,CAIS-directory school,Grades: JK-12,https://www.cais.ca/page.cfm?p=330&start=1,page.cfm?p=330&start=1,http://www.grayacademy.ca,2026-10-01,Manitoba,JK-12,25
St. John's-Ravenscourt School,"Winnipeg, Manitoba",Canada,CAIS-directory school,Grades: K-12,https://www.cais.ca/page.cfm?p=377&start=1,page.cfm?p=377&start=1,http://www.sjr.mb.ca,2026-10-01,Manitoba,K-12,26
Rothesay Netherwood School,"Rothesay, New Brunswick",Canada,CAIS-directory school,Grades: 6-12,https://www.cais.ca/page.cfm?p=360&start=1,page.cfm?p=360&start=1,http://www.rns.cc,2026-10-01,New Brunswick,6-12,27
Lakecrest Independent School,"St. John's, Newfoundland",Canada,CAIS-directory school,Grades: K-9,https://www.cais.ca/page.cfm?p=344&start=1,page.cfm?p=344&start=1,http://www.lakecrest.ca,2026-10-01,Newfoundland,K-9,28
Armbrae Academy,"Halifax, Nova Scotia",Canada,CAIS-directory school,Grades: Preschool & Pre-Primary-Grade 12,https://www.cais.ca/page.cfm?p=312&start=1,page.cfm?p=312&start=1,http://www.armbrae.ns.ca,2026-10-01,Nova Scotia,Preschool & Pre-Primary-Grade 12,29
Halifax Grammar School,"Halifax, Nova Scotia",Canada,CAIS-directory school,Grades: JK-12,https://www.cais.ca/page.cfm?p=332&start=1,page.cfm?p=332&start=1,http://halifaxgrammar.com,2026-10-01,Nova Scotia,JK-12,30
King's-Edgehill School,"Windsor, Nova Scotia",Canada,CAIS-directory school,Grades: 6-12,https://www.cais.ca/page.cfm?p=342&start=1,page.cfm?p=342&start=1,http://www.kes.ns.ca,2026-10-01,Nova Scotia,6-12,31
Sacred Heart School of Halifax,"Halifax, Nova Scotia",Canada,CAIS-directory school,Grades: Jr. Primary - Grade 12,https://www.cais.ca/page.cfm?p=363&start=1,page.cfm?p=363&start=1,http://www.shsh.ca,2026-10-01,Nova Scotia,Jr. Primary - Grade 12,32
Albert College,"Belleville, Ontario",Canada,CAIS-directory school,Grades: Pre-Kindergarten to Grade 12,https://www.cais.ca/page.cfm?p=310&start=1,page.cfm?p=310&start=1,http://www.albertcollege.ca,2026-10-01,Ontario,Pre-Kindergarten to Grade 12,33
Appleby College,"Oakville, Ontario",Canada,CAIS-directory school,Grades: 7-12,https://www.cais.ca/page.cfm?p=311&start=1,page.cfm?p=311&start=1,http://www.appleby.on.ca,2026-10-01,Ontario,7-12,34
Ashbury College,"Ottawa, Ontario",Canada,CAIS-directory school,Grades: 3 to 12,https://www.cais.ca/page.cfm?p=313&start=1,page.cfm?p=313&start=1,http://ashbury.ca,2026-10-01,Ontario,3 to 12,35
Bayview Glen Independent School,"Toronto, Ontario",Canada,CAIS-directory school,Grades: Preschool (age 2) - Grade 12,https://www.cais.ca/page.cfm?p=318&start=1,page.cfm?p=318&start=1,http://bayviewglen.ca,2026-10-01,Ontario,Preschool (age 2) - Grade 12,36
Branksome Hall,"Toronto, Ontario",Canada,CAIS-directory school,Grades: JK-12,https://www.cais.ca/page.cfm?p=320&start=1,page.cfm?p=320&start=1,http://www.branksome.on.ca,2026-10-01,Ontario,JK-12,37
Crescent School,"Toronto, Ontario",Canada,CAIS-directory school,Grades: 3-12,https://www.cais.ca/page.cfm?p=325&start=1,page.cfm?p=325&start=1,http://www.crescentschool.org,2026-10-01,Ontario,3-12,38
Elmwood School,"Ottawa, Ontario",Canada,CAIS-directory school,Grades: K-12,https://www.cais.ca/page.cfm?p=327&start=1,page.cfm?p=327&start=1,http://www.elmwood.ca,2026-10-01,Ontario,K-12,39
Greenwood College School,"Toronto, Ontario",Canada,CAIS-directory school,Grades: 7-12,https://www.cais.ca/page.cfm?p=331&start=1,page.cfm?p=331&start=1,http://www.greenwoodcollege.org,2026-10-01,Ontario,7-12,40
Havergal College,"Toronto, Ontario",Canada,CAIS-directory school,Grades: K-12,https://www.cais.ca/page.cfm?p=333&start=1,page.cfm?p=333&start=1,http://www.havergal.on.ca,2026-10-01,Ontario,K-12,41
Hillfield Strathallan College,"Hamilton, Ontario",Canada,CAIS-directory school,"Grades: PreK-12, Montessori aged 1.8 -9",https://www.cais.ca/page.cfm?p=337&start=1,page.cfm?p=337&start=1,http://www.hsc.on.ca,2026-10-01,Ontario,"PreK-12, Montessori aged 1.8 -9",42
Holy Trinity School,"Richmond Hill, Ontario",Canada,CAIS-directory school,Grades: K-12,https://www.cais.ca/page.cfm?p=338&start=1,page.cfm?p=338&start=1,http://hts.on.ca/campus-admissions,2026-10-01,Ontario,K-12,43
Kingsway College School,"Etobicoke, Ontario",Canada,CAIS-directory school,Grades: JK to Grade 12,https://www.cais.ca/page.cfm?p=343&start=1,page.cfm?p=343&start=1,http://www.kcs.on.ca,2026-10-01,Ontario,JK to Grade 12,44
Lakefield College School,"Lakefield, Ontario",Canada,CAIS-directory school,Grades: 9-12,https://www.cais.ca/page.cfm?p=345&start=1,page.cfm?p=345&start=1,http://www.lcs.on.ca,2026-10-01,Ontario,9-12,45
Lauremont School,"Richmond Hill, Ontario",Canada,CAIS-directory school,Grades: 18 Months to Grade 12,https://www.cais.ca/page.cfm?p=393&start=1,page.cfm?p=393&start=1,http://www.lauremontschool.ca,2026-10-01,Ontario,18 Months to Grade 12,46
Lycée Français de Toronto,"Toronto, Ontario",Canada,CAIS-directory school,Grades: Age 2 1/2 - Grade 12,https://www.cais.ca/page.cfm?p=2429&start=1,page.cfm?p=2429&start=1,http://www.lft.ca,2026-10-01,Ontario,Age 2 1/2 - Grade 12,47
Pickering College,"Newmarket, Ontario",Canada,CAIS-directory school,Grades: K-12,https://www.cais.ca/page.cfm?p=355&start=1,page.cfm?p=355&start=1,http://www.pickeringcollege.on.ca,2026-10-01,Ontario,K-12,48
Ridley College,"St. Catharines, Ontario",Canada,CAIS-directory school,Grades: JK to Grade 12 (PG),https://www.cais.ca/page.cfm?p=358&start=1,page.cfm?p=358&start=1,http://www.ridleycollege.com,2026-10-01,Ontario,JK to Grade 12 (PG),49
Rosseau Lake College,"Rosseau, Ontario",Canada,CAIS-directory school,Grades: 7-12,https://www.cais.ca/page.cfm?p=359&start=1,page.cfm?p=359&start=1,http://www.rosseaulakecollege.com,2026-10-01,Ontario,7-12,50
Bishop's College School,"Sherbrooke, Quebec",Canada,CAIS-directory school,Grades: 7-12,https://www.cais.ca/page.cfm?p=319&start=1,page.cfm?p=319&start=1,http://www.bishopscollegeschool.com,2026-10-01,Quebec,7-12,51
Lower Canada College,"Montreal, Quebec",Canada,CAIS-directory school,Grades: K-12,https://www.cais.ca/page.cfm?p=346&start=1,page.cfm?p=346&start=1,http://www.lcc.ca,2026-10-01,Quebec,K-12,52
Miss Edgar's & Miss Cramp's School,"Westmount, Quebec",Canada,CAIS-directory school,Grades: K-11,https://www.cais.ca/page.cfm?p=351&start=1,page.cfm?p=351&start=1,http://www.ecs.qc.ca,2026-10-01,Quebec,K-11,53
Selwyn House School,"Westmount, Quebec",Canada,CAIS-directory school,Grades: K-12,https://www.cais.ca/page.cfm?p=366&start=1,page.cfm?p=366&start=1,http://www.selwyn.ca,2026-10-01,Quebec,K-12,54
St. George's School of Montreal,"Montreal, Quebec",Canada,CAIS-directory school,Grades: K-12,https://www.cais.ca/page.cfm?p=374&start=1,page.cfm?p=374&start=1,http://www.stgeorges.qc.ca,2026-10-01,Quebec,K-12,55
Stanstead College,"Stanstead, Quebec",Canada,CAIS-directory school,Grades: 7-12,https://www.cais.ca/page.cfm?p=381&start=1,page.cfm?p=381&start=1,http://www.stansteadcollege.com,2026-10-01,Quebec,7-12,56
The Sacred Heart School of Montreal,"Montreal, Quebec",Canada,CAIS-directory school,Grades: 7-12,https://www.cais.ca/page.cfm?p=388&start=1,page.cfm?p=388&start=1,http://www.sacredheart.qc.ca,2026-10-01,Quebec,7-12,57
The Study,"Montreal, Quebec",Canada,CAIS-directory school,Grades: K-11,https://www.cais.ca/page.cfm?p=390&start=1,page.cfm?p=390&start=1,http://www.thestudy.qc.ca,2026-10-01,Quebec,K-11,58
West Island College Montreal,"Dollard des Ormeaux, Quebec",Canada,CAIS-directory school,Grades: 7-11,https://www.cais.ca/page.cfm?p=1562&start=1,page.cfm?p=1562&start=1,http://www.wicmtl.ca,2026-10-01,Quebec,7-11,59
Athol Murray College of Notre Dame,"Wilcox, Saskatchewan",Canada,CAIS-directory school,Grades: 9-12,https://www.cais.ca/page.cfm?p=315&start=1,page.cfm?p=315&start=1,http://www.notredame.ca,2026-10-01,Saskatchewan,9-12,60
J Clarke Richardson Collegiate Institute,"AJAX, Ontario",Canada,Public secondary school,Grades 9-12; Durham DSB,https://data.ontario.ca/dataset/fb3a7c18-90af-453e-bc0a-a76ecc471862/resource/f3a8c2a3-09d9-4715-9044-d8a0189f572c/download/public_school_contact_list_august2026_en.txt,918423,https://jclarkerichardson.ddsb.ca,2026-10-01,Ontario,,61
Acton District School,"Acton, Ontario",Canada,Public secondary school,Grades 9-12; Halton DSB,https://data.ontario.ca/dataset/fb3a7c18-90af-453e-bc0a-a76ecc471862/resource/f3a8c2a3-09d9-4715-9044-d8a0189f572c/download/public_school_contact_list_august2026_en.txt,890332,http://act.hdsb.ca,2026-10-01,Ontario,,62
Agincourt Collegiate Institute,"Agincourt, Ontario",Canada,Public secondary school,Grades 9-12; Toronto DSB,https://data.ontario.ca/dataset/fb3a7c18-90af-453e-bc0a-a76ecc471862/resource/f3a8c2a3-09d9-4715-9044-d8a0189f572c/download/public_school_contact_list_august2026_en.txt,890723,http://schoolweb.tdsb.on.ca/agincourtci,2026-10-01,Ontario,,63
Ajax High School,"Ajax, Ontario",Canada,Public secondary school,Grades 9-12; Durham DSB,https://data.ontario.ca/dataset/fb3a7c18-90af-453e-bc0a-a76ecc471862/resource/f3a8c2a3-09d9-4715-9044-d8a0189f572c/download/public_school_contact_list_august2026_en.txt,643222,,2026-10-01,Ontario,,64
Glengarry District High School,"Alexandria, Ontario",Canada,Public secondary school,Grades 9-12; Upper Canada DSB,https://data.ontario.ca/dataset/fb3a7c18-90af-453e-bc0a-a76ecc471862/resource/f3a8c2a3-09d9-4715-9044-d8a0189f572c/download/public_school_contact_list_august2026_en.txt,913219,http://glengarry.ucdsb.on.ca/,2026-10-01,Ontario,,65
Banting Memorial High School,"Alliston, Ontario",Canada,Public secondary school,Grades 9-12; Simcoe County DSB,https://data.ontario.ca/dataset/fb3a7c18-90af-453e-bc0a-a76ecc471862/resource/f3a8c2a3-09d9-4715-9044-d8a0189f572c/download/public_school_contact_list_august2026_en.txt,893064,http://ban.scdsb.on.ca/,2026-10-01,Ontario,,66
Almonte District High School,"Almonte, Ontario",Canada,Public secondary school,Grades 9-12; Upper Canada DSB,https://data.ontario.ca/dataset/fb3a7c18-90af-453e-bc0a-a76ecc471862/resource/f3a8c2a3-09d9-4715-9044-d8a0189f572c/download/public_school_contact_list_august2026_en.txt,891630,http://almonte.ucdsb.on.ca/,2026-10-01,Ontario,,67
North Star High School,"Amherstburg, Ontario",Canada,Public secondary school,Grades 9-12; Greater Essex County DSB,https://data.ontario.ca/dataset/fb3a7c18-90af-453e-bc0a-a76ecc471862/resource/f3a8c2a3-09d9-4715-9044-d8a0189f572c/download/public_school_contact_list_august2026_en.txt,916422,,2026-10-01,Ontario,,68
Ancaster High School,"Ancaster, Ontario",Canada,Public secondary school,Grades 9-12; Hamilton-Wentworth DSB,https://data.ontario.ca/dataset/fb3a7c18-90af-453e-bc0a-a76ecc471862/resource/f3a8c2a3-09d9-4715-9044-d8a0189f572c/download/public_school_contact_list_august2026_en.txt,891894,https://www.hwdsb.on.ca/ancasterhigh,2026-10-01,Ontario,,69
Nottawasaga Pines Secondary School,"Angus, Ontario",Canada,Public secondary school,Grades 9-12; Simcoe County DSB,https://data.ontario.ca/dataset/fb3a7c18-90af-453e-bc0a-a76ecc471862/resource/f3a8c2a3-09d9-4715-9044-d8a0189f572c/download/public_school_contact_list_august2026_en.txt,902636,http://nps.scdsb.on.ca,2026-10-01,Ontario,,70
Arnprior District High School,"Arnprior, Ontario",Canada,Public secondary school,Grades 9-12; Renfrew County DSB,https://data.ontario.ca/dataset/fb3a7c18-90af-453e-bc0a-a76ecc471862/resource/f3a8c2a3-09d9-4715-9044-d8a0189f572c/download/public_school_contact_list_august2026_en.txt,892416,http://adh.rcdsb.on.ca,2026-10-01,Ontario,,71
Medway High School,"Arva, Ontario",Canada,Public secondary school,Grades 9-12; Thames Valley DSB,https://data.ontario.ca/dataset/fb3a7c18-90af-453e-bc0a-a76ecc471862/resource/f3a8c2a3-09d9-4715-9044-d8a0189f572c/download/public_school_contact_list_august2026_en.txt,925560,http://www.tvdsb.ca/MedwayHighSchool.cfm,2026-10-01,Ontario,,72
Athens District High School,"Athens, Ontario",Canada,Public secondary school,Grades 9-12; Upper Canada DSB,https://data.ontario.ca/dataset/fb3a7c18-90af-453e-bc0a-a76ecc471862/resource/f3a8c2a3-09d9-4715-9044-d8a0189f572c/download/public_school_contact_list_august2026_en.txt,892807,http://athens.ucdsb.on.ca,2026-10-01,Ontario,,73
Northern Lakes High School,"Atikokan, Ontario",Canada,Public secondary school,Grades 9-12; Rainy River DSB,https://data.ontario.ca/dataset/fb3a7c18-90af-453e-bc0a-a76ecc471862/resource/f3a8c2a3-09d9-4715-9044-d8a0189f572c/download/public_school_contact_list_august2026_en.txt,892939,http://ahs.rrdsb.com/,2026-10-01,Ontario,,74
ACCESS Program,"Aurora, Ontario",Canada,Public secondary school,Grades 9-12; York Region DSB,https://data.ontario.ca/dataset/fb3a7c18-90af-453e-bc0a-a76ecc471862/resource/f3a8c2a3-09d9-4715-9044-d8a0189f572c/download/public_school_contact_list_august2026_en.txt,890286,http://www.yrdsb.ca/Schools/Pages/default.aspx,2026-10-01,Ontario,,75
Tagwi Secondary School,"Avonmore, Ontario",Canada,Public secondary school,Grades 9-12; Upper Canada DSB,https://data.ontario.ca/dataset/fb3a7c18-90af-453e-bc0a-a76ecc471862/resource/f3a8c2a3-09d9-4715-9044-d8a0189f572c/download/public_school_contact_list_august2026_en.txt,946648,http://tagwi.ucdsb.on.ca,2026-10-01,Ontario,,76
East Elgin Secondary School,"Aylmer, Ontario",Canada,Public secondary school,Grades 9-12; Thames Valley DSB,https://data.ontario.ca/dataset/fb3a7c18-90af-453e-bc0a-a76ecc471862/resource/f3a8c2a3-09d9-4715-9044-d8a0189f572c/download/public_school_contact_list_august2026_en.txt,906581,http://www.tvdsb.ca/EastElgin.cfm,2026-10-01,Ontario,,77
AYSP/Brampton Centennial S.S.,"BRAMPTON, Ontario",Canada,Public secondary school,Grades No Grades Applicable; Peel DSB,https://data.ontario.ca/dataset/fb3a7c18-90af-453e-bc0a-a76ecc471862/resource/f3a8c2a3-09d9-4715-9044-d8a0189f572c/download/public_school_contact_list_august2026_en.txt,648949,,2026-10-01,Ontario,,78
Corpus Christi Catholic Secondary School,"BURLINGTON, Ontario",Canada,Catholic secondary school,Grades 9-12; Halton CDSB,https://data.ontario.ca/dataset/fb3a7c18-90af-453e-bc0a-a76ecc471862/resource/f3a8c2a3-09d9-4715-9044-d8a0189f572c/download/public_school_contact_list_august2026_en.txt,761182,http://www.cccss.ca/,2026-10-01,Ontario,,79
Waterloo-Oxford District Secondary School,"Baden, Ontario",Canada,Public secondary school,Grades 9-12; Waterloo Region DSB,https://data.ontario.ca/dataset/fb3a7c18-90af-453e-bc0a-a76ecc471862/resource/f3a8c2a3-09d9-4715-9044-d8a0189f572c/download/public_school_contact_list_august2026_en.txt,951048,http://wodss.wrdsb.ca/,2026-10-01,Ontario,,80
North Hastings High School,"Bancroft, Ontario",Canada,Public secondary school,Grades 9-12; Hastings & Prince Edward DSB,https://data.ontario.ca/dataset/fb3a7c18-90af-453e-bc0a-a76ecc471862/resource/f3a8c2a3-09d9-4715-9044-d8a0189f572c/download/public_school_contact_list_august2026_en.txt,929980,http://nhhs.hpedsb.on.ca,2026-10-01,Ontario,,81
Barrie North Collegiate Institute,"Barrie, Ontario",Canada,Public secondary school,Grades 9-12; Simcoe County DSB,https://data.ontario.ca/dataset/fb3a7c18-90af-453e-bc0a-a76ecc471862/resource/f3a8c2a3-09d9-4715-9044-d8a0189f572c/download/public_school_contact_list_august2026_en.txt,893323,http://nor.scdsb.on.ca/,2026-10-01,Ontario,,82
Madawaska Valley District School - Secondary District High School,"Barry's Bay, Ontario",Canada,Public secondary school,Grades 9-12; Renfrew County DSB,https://data.ontario.ca/dataset/fb3a7c18-90af-453e-bc0a-a76ecc471862/resource/f3a8c2a3-09d9-4715-9044-d8a0189f572c/download/public_school_contact_list_august2026_en.txt,924431,http://mvd.rcdsb.on.ca,2026-10-01,Ontario,,83
Belle River District High School,"Belle River, Ontario",Canada,Public secondary school,Grades 9-12; Greater Essex County DSB,https://data.ontario.ca/dataset/fb3a7c18-90af-453e-bc0a-a76ecc471862/resource/f3a8c2a3-09d9-4715-9044-d8a0189f572c/download/public_school_contact_list_august2026_en.txt,929727,http://www.gecdsb.on.ca/schools/sec/brdhs,2026-10-01,Ontario,,84
Bayside Secondary School,"Belleville, Ontario",Canada,Public secondary school,Grades 9-12; Hastings & Prince Edward DSB,https://data.ontario.ca/dataset/fb3a7c18-90af-453e-bc0a-a76ecc471862/resource/f3a8c2a3-09d9-4715-9044-d8a0189f572c/download/public_school_contact_list_august2026_en.txt,893803,http://bss.hpedsb.on.ca,2026-10-01,Ontario,,85
Blenheim District High School,"Blenheim, Ontario",Canada,Public secondary school,Grades 9-12; Lambton Kent DSB,https://data.ontario.ca/dataset/fb3a7c18-90af-453e-bc0a-a76ecc471862/resource/f3a8c2a3-09d9-4715-9044-d8a0189f572c/download/public_school_contact_list_august2026_en.txt,895148,https://www.lkdsb.net/school/bdhs/Pages/default.aspx,2026-10-01,Ontario,,86
W C Eaket Secondary School,"Blind River, Ontario",Canada,Public secondary school,Grades 9-12; Algoma DSB,https://data.ontario.ca/dataset/fb3a7c18-90af-453e-bc0a-a76ecc471862/resource/f3a8c2a3-09d9-4715-9044-d8a0189f572c/download/public_school_contact_list_august2026_en.txt,895270,http://www.adsb.on.ca/sites/schools/wce/default.aspx,2026-10-01,Ontario,,87
Humberview Secondary School,"Bolton, Ontario",Canada,Public secondary school,Grades 9-12; Peel DSB,https://data.ontario.ca/dataset/fb3a7c18-90af-453e-bc0a-a76ecc471862/resource/f3a8c2a3-09d9-4715-9044-d8a0189f572c/download/public_school_contact_list_august2026_en.txt,917559,http://schools.peelschools.org/sec/humberview/Pages/default.aspx,2026-10-01,Ontario,,88
Frontenac Youth Services,"Bowmanvill, Ontario",Canada,Public secondary school,Grades 9-12; Kawartha Pine Ridge DSB,https://data.ontario.ca/dataset/fb3a7c18-90af-453e-bc0a-a76ecc471862/resource/f3a8c2a3-09d9-4715-9044-d8a0189f572c/download/public_school_contact_list_august2026_en.txt,644870,,2026-10-01,Ontario,,89
Bowmanville High School,"Bowmanville, Ontario",Canada,Public secondary school,Grades 9-12; Kawartha Pine Ridge DSB,https://data.ontario.ca/dataset/fb3a7c18-90af-453e-bc0a-a76ecc471862/resource/f3a8c2a3-09d9-4715-9044-d8a0189f572c/download/public_school_contact_list_august2026_en.txt,895539,http://bowmanvillehigh.kprdsb.ca/,2026-10-01,Ontario,,90
Bracebridge and Muskoka Lakes Secondary School,"Bracebridge, Ontario",Canada,Public secondary school,Grades 9-12; Trillium Lakelands DSB,https://data.ontario.ca/dataset/fb3a7c18-90af-453e-bc0a-a76ecc471862/resource/f3a8c2a3-09d9-4715-9044-d8a0189f572c/download/public_school_contact_list_august2026_en.txt,895660,http://bml.tldsb.on.ca/,2026-10-01,Ontario,,91
Bradford District High School,"Bradford, Ontario",Canada,Public secondary school,Grades 9-12; Simcoe County DSB,https://data.ontario.ca/dataset/fb3a7c18-90af-453e-bc0a-a76ecc471862/resource/f3a8c2a3-09d9-4715-9044-d8a0189f572c/download/public_school_contact_list_august2026_en.txt,895792,http://bdh.scdsb.on.ca/,2026-10-01,Ontario,,92
AYSP/Bramalea S.S.,"Brampton, Ontario",Canada,Public secondary school,Grades No Grades Applicable; Peel DSB,https://data.ontario.ca/dataset/fb3a7c18-90af-453e-bc0a-a76ecc471862/resource/f3a8c2a3-09d9-4715-9044-d8a0189f572c/download/public_school_contact_list_august2026_en.txt,648930,,2026-10-01,Ontario,,93
Assumption College School High School,"Brantford, Ontario",Canada,Catholic secondary school,Grades 9-12; Brant Haldimand Norfolk CDSB,https://data.ontario.ca/dataset/fb3a7c18-90af-453e-bc0a-a76ecc471862/resource/f3a8c2a3-09d9-4715-9044-d8a0189f572c/download/public_school_contact_list_august2026_en.txt,688088,http://www.assumptionlions.com/,2026-10-01,Ontario,,94
East Northumberland Secondary School,"Brighton, Ontario",Canada,Public secondary school,Grades 9-12; Kawartha Pine Ridge DSB,https://data.ontario.ca/dataset/fb3a7c18-90af-453e-bc0a-a76ecc471862/resource/f3a8c2a3-09d9-4715-9044-d8a0189f572c/download/public_school_contact_list_august2026_en.txt,906719,http://eastnorthumberland.kprdsb.ca/,2026-10-01,Ontario,,95
Brockville Collegiate Institute,"Brockville, Ontario",Canada,Public secondary school,Grades 9-12; Upper Canada DSB,https://data.ontario.ca/dataset/fb3a7c18-90af-453e-bc0a-a76ecc471862/resource/f3a8c2a3-09d9-4715-9044-d8a0189f572c/download/public_school_contact_list_august2026_en.txt,896578,http://bci.ucdsb.on.ca,2026-10-01,Ontario,,96
Aldershot High School,"Burlington, Ontario",Canada,Public secondary school,Grades 9-12; Halton DSB,https://data.ontario.ca/dataset/fb3a7c18-90af-453e-bc0a-a76ecc471862/resource/f3a8c2a3-09d9-4715-9044-d8a0189f572c/download/public_school_contact_list_august2026_en.txt,890987,http://ald.hdsb.ca,2026-10-01,Ontario,,97
Brock High School,"CANNINGTON, Ontario",Canada,Public secondary school,Grades 9-12; Durham DSB,https://data.ontario.ca/dataset/fb3a7c18-90af-453e-bc0a-a76ecc471862/resource/f3a8c2a3-09d9-4715-9044-d8a0189f572c/download/public_school_contact_list_august2026_en.txt,896446,https://brockhs.ddsb.ca,2026-10-01,Ontario,,98
Robert F Hall Catholic Secondary School,"Caledon East, Ontario",Canada,Catholic secondary school,Grades 9-12; Dufferin-Peel CDSB,https://data.ontario.ca/dataset/fb3a7c18-90af-453e-bc0a-a76ecc471862/resource/f3a8c2a3-09d9-4715-9044-d8a0189f572c/download/public_school_contact_list_august2026_en.txt,753211,http://www.dpcdsb.org/RFHAL,2026-10-01,Ontario,,99
Mayfield Secondary School,"Caledon, Ontario",Canada,Public secondary school,Grades 9-12; Peel DSB,https://data.ontario.ca/dataset/fb3a7c18-90af-453e-bc0a-a76ecc471862/resource/f3a8c2a3-09d9-4715-9044-d8a0189f572c/download/public_school_contact_list_august2026_en.txt,925349,http://schools.peelschools.org/sec/mayfield/Pages/default.aspx,2026-10-01,Ontario,,100
