name,location,country,type,detail,source_url,institution_id,website,checked_at,number
Brazilian International School,Brazil,Brazil,Cambridge-directory school,Private candidates: Yes,https://www.cambridgeinternational.org/why-choose-us/find-a-cambridge-school/,Brazilian International School|Brazil|Brazil,http://www.colegiobis.com.br,2026-10-01,1
CYCLE INTERNATIONAL SCHOOL,Brazil,Brazil,Cambridge-directory school,Private candidates: Yes,https://www.cambridgeinternational.org/why-choose-us/find-a-cambridge-school/,CYCLE INTERNATIONAL SCHOOL|Brazil|Brazil,http://www.cycleschool.com.br,2026-10-01,2
International School of Cuiaba,Brazil,Brazil,Cambridge-directory school,Private candidates: No,https://www.cambridgeinternational.org/why-choose-us/find-a-cambridge-school/,International School of Cuiaba|Brazil|Brazil,http://www.iscuiaba.com.br,2026-10-01,3
St. John's International School,Brazil,Brazil,Cambridge-directory school,Private candidates: Yes,https://www.cambridgeinternational.org/why-choose-us/find-a-cambridge-school/,St. John's International School|Brazil|Brazil,https://www.stjohns-brazil.com/,2026-10-01,4
Beijing Dulwich International School,China,China,Cambridge-directory school,Private candidates: No,https://www.cambridgeinternational.org/why-choose-us/find-a-cambridge-school/,Beijing Dulwich International School|China|China,https://beijing.dulwich.org/,2026-10-01,5
Britannia International School Guangzhou,China,China,Cambridge-directory school,Private candidates: No,https://www.cambridgeinternational.org/why-choose-us/find-a-cambridge-school/,Britannia International School Guangzhou|China|China,https://www.bisguangzhou.com/,2026-10-01,6
Britannica International School Shanghai,China,China,Cambridge-directory school,Private candidates: No,https://www.cambridgeinternational.org/why-choose-us/find-a-cambridge-school/,Britannica International School Shanghai|China|China,http://www.britannicashanghai.com,2026-10-01,7
Caeyu International School of Foshan,China,China,Cambridge-directory school,Private candidates: No,https://www.cambridgeinternational.org/why-choose-us/find-a-cambridge-school/,Caeyu International School of Foshan|China|China,http://www.cisfoshan.com,2026-10-01,8
Dehong Shanghai International Chinese School,China,China,Cambridge-directory school,Private candidates: Yes,https://www.cambridgeinternational.org/why-choose-us/find-a-cambridge-school/,Dehong Shanghai International Chinese School|China|China,https://shanghai.dehong.cn/,2026-10-01,9
Dongguan Guang Ming High School International Section,China,China,Cambridge-directory school,Private candidates: No,https://www.cambridgeinternational.org/why-choose-us/find-a-cambridge-school/,Dongguan Guang Ming High School International Section|China|China,http://www.gmhs.cn,2026-10-01,10
Dongguan Guang Zheng Preparatory School International Section,China,China,Cambridge-directory school,Private candidates: Yes,https://www.cambridgeinternational.org/why-choose-us/find-a-cambridge-school/,Dongguan Guang Zheng Preparatory School International Section|China|China,http://www.dggzes.com,2026-10-01,11
Dulwich International High School Zhuhai,China,China,Cambridge-directory school,Private candidates: Yes,https://www.cambridgeinternational.org/why-choose-us/find-a-cambridge-school/,Dulwich International High School Zhuhai|China|China,https://zhuhai-high-school.dulwich.org/,2026-10-01,12
Bilingual International School of Paris,France,France,Cambridge-directory school,Private candidates: No,https://www.cambridgeinternational.org/why-choose-us/find-a-cambridge-school/,Bilingual International School of Paris|France|France,http://www.bilingualschoolparis.com,2026-10-01,13
Bordeaux International School,France,France,Cambridge-directory school,Private candidates: Yes,https://www.cambridgeinternational.org/why-choose-us/find-a-cambridge-school/,Bordeaux International School|France|France,http://www.bordeaux-school.com/,2026-10-01,14
International Bilingual School of Provence,France,France,Cambridge-directory school,Private candidates: Yes,https://www.cambridgeinternational.org/why-choose-us/find-a-cambridge-school/,International Bilingual School of Provence|France|France,http://www.ibsofprovence.com/,2026-10-01,15
International School of Lyon,France,France,Cambridge-directory school,Private candidates: Yes,https://www.cambridgeinternational.org/why-choose-us/find-a-cambridge-school/,International School of Lyon|France|France,http://www.islyon.org,2026-10-01,16
International School of Nice,France,France,Cambridge-directory school,Private candidates: No,https://www.cambridgeinternational.org/why-choose-us/find-a-cambridge-school/,International School of Nice|France|France,http://www.isn-nice.com,2026-10-01,17
Sainte Victoire International School,France,France,Cambridge-directory school,Private candidates: No,https://www.cambridgeinternational.org/why-choose-us/find-a-cambridge-school/,Sainte Victoire International School|France|France,https://www.svis.fr/,2026-10-01,18
The International School of Bearn,France,France,Cambridge-directory school,Private candidates: Yes,https://www.cambridgeinternational.org/why-choose-us/find-a-cambridge-school/,The International School of Bearn|France|France,http://www.isbearn.com,2026-10-01,19
The International School of Toulouse,France,France,Cambridge-directory school,Private candidates: No,https://www.cambridgeinternational.org/why-choose-us/find-a-cambridge-school/,The International School of Toulouse|France|France,http://www.intst.eu/,2026-10-01,20
Berlin International School,Germany,Germany,Cambridge-directory school,Private candidates: No,https://www.cambridgeinternational.org/why-choose-us/find-a-cambridge-school/,Berlin International School|Germany|Germany,http://www.berlin-international-school.de,2026-10-01,21
ISF International School Frankfurt Rhein-Main,Germany,Germany,Cambridge-directory school,Private candidates: Yes,https://www.cambridgeinternational.org/why-choose-us/find-a-cambridge-school/,ISF International School Frankfurt Rhein-Main|Germany|Germany,http://www.isf.sabis.net,2026-10-01,22
ISR International School on the Rhine,Germany,Germany,Cambridge-directory school,Private candidates: No,https://www.cambridgeinternational.org/why-choose-us/find-a-cambridge-school/,ISR International School on the Rhine|Germany|Germany,http://www.the-ism.de,2026-10-01,23
International School Augsburg,Germany,Germany,Cambridge-directory school,Private candidates: No,https://www.cambridgeinternational.org/why-choose-us/find-a-cambridge-school/,International School Augsburg|Germany|Germany,http://www.isa-augsburg.com,2026-10-01,24
International School Braunschweig-Wolfsburg,Germany,Germany,Cambridge-directory school,Private candidates: No,https://www.cambridgeinternational.org/why-choose-us/find-a-cambridge-school/,International School Braunschweig-Wolfsburg|Germany|Germany,https://is.cjd-braunschweig.de/,2026-10-01,25
International School Of Ulm/Neu-Ulm Management GmbH,Germany,Germany,Cambridge-directory school,Private candidates: No,https://www.cambridgeinternational.org/why-choose-us/find-a-cambridge-school/,International School Of Ulm/Neu-Ulm Management GmbH|Germany|Germany,http://www.is-ulm.de,2026-10-01,26
International School Ruhr,Germany,Germany,Cambridge-directory school,Private candidates: No,https://www.cambridgeinternational.org/why-choose-us/find-a-cambridge-school/,International School Ruhr|Germany|Germany,https://www.is-ruhr.de/en/homepage/,2026-10-01,27
International School Westpfalz GmbH,Germany,Germany,Cambridge-directory school,Private candidates: No,https://www.cambridgeinternational.org/why-choose-us/find-a-cambridge-school/,International School Westpfalz GmbH|Germany|Germany,http://www.is-westpfalz.de,2026-10-01,28
Al Siddiq International School,Indonesia,Indonesia,Cambridge-directory school,Private candidates: No,https://www.cambridgeinternational.org/why-choose-us/find-a-cambridge-school/,Al Siddiq International School|Indonesia|Indonesia,https://alsiddiq.sch.id,2026-10-01,29
Brilliant Al Fatih International Islamic Boarding School,Indonesia,Indonesia,Cambridge-directory school,Private candidates: Yes,https://www.cambridgeinternational.org/why-choose-us/find-a-cambridge-school/,Brilliant Al Fatih International Islamic Boarding School|Indonesia|Indonesia,https://brilliant.sch.id/,2026-10-01,30
Little Camel International Islamic School,Indonesia,Indonesia,Cambridge-directory school,Private candidates: No,https://www.cambridgeinternational.org/why-choose-us/find-a-cambridge-school/,Little Camel International Islamic School|Indonesia|Indonesia,http://www.littlecamelschool.id,2026-10-01,31
Ascot International School Japan,Japan,Japan,Cambridge-directory school,Private candidates: Yes,https://www.cambridgeinternational.org/why-choose-us/find-a-cambridge-school/,Ascot International School Japan|Japan|Japan,https://www.ascotschool.jp/,2026-10-01,32
Camelot International School,Japan,Japan,Cambridge-directory school,Private candidates: No,https://www.cambridgeinternational.org/why-choose-us/find-a-cambridge-school/,Camelot International School|Japan|Japan,http://www.camelot.tokyo.jp,2026-10-01,33
Chuo International School - Tokyo Campus,Japan,Japan,Cambridge-directory school,Private candidates: No,https://www.cambridgeinternational.org/why-choose-us/find-a-cambridge-school/,Chuo International School - Tokyo Campus|Japan|Japan,http://chuo-internationalschool.com,2026-10-01,34
"Everest International School, Japan",Japan,Japan,Cambridge-directory school,Private candidates: No,https://www.cambridgeinternational.org/why-choose-us/find-a-cambridge-school/,"Everest International School, Japan|Japan|Japan",http://eisj-edu.com,2026-10-01,35
"Global Indian International School, Tokyo",Japan,Japan,Cambridge-directory school,Private candidates: No,https://www.cambridgeinternational.org/why-choose-us/find-a-cambridge-school/,"Global Indian International School, Tokyo|Japan|Japan",https://adm.globalindianschool.org/en/tokyo?utm_me,2026-10-01,36
Global Wisdom International School - Kasai Campus,Japan,Japan,Cambridge-directory school,Private candidates: No,https://www.cambridgeinternational.org/why-choose-us/find-a-cambridge-school/,Global Wisdom International School - Kasai Campus|Japan|Japan,http://www.globalwisdom.co,2026-10-01,37
Harrow International School Appi,Japan,Japan,Cambridge-directory school,Private candidates: No,https://www.cambridgeinternational.org/why-choose-us/find-a-cambridge-school/,Harrow International School Appi|Japan|Japan,https://www.harrowappi.jp,2026-10-01,38
Kohana International School,Japan,Japan,Cambridge-directory school,Private candidates: Yes,https://www.cambridgeinternational.org/why-choose-us/find-a-cambridge-school/,Kohana International School|Japan|Japan,http://www.kohanainternationalschool.com,2026-10-01,39
Advtech Crawford International School Kenya,Kenya,Kenya,Cambridge-directory school,Private candidates: No,https://www.cambridgeinternational.org/why-choose-us/find-a-cambridge-school/,Advtech Crawford International School Kenya|Kenya|Kenya,https://www.crawfordinternationalschool.com,2026-10-01,40
Ascend International School Limited,Kenya,Kenya,Cambridge-directory school,Private candidates: No,https://www.cambridgeinternational.org/why-choose-us/find-a-cambridge-school/,Ascend International School Limited|Kenya|Kenya,https://ascendke.com/,2026-10-01,41
Braeburn Kisumu International School,Kenya,Kenya,Cambridge-directory school,Private candidates: Yes,https://www.cambridgeinternational.org/why-choose-us/find-a-cambridge-school/,Braeburn Kisumu International School|Kenya|Kenya,https://kisumu.braeburn.com/,2026-10-01,42
Braeburn Mombasa International School,Kenya,Kenya,Cambridge-directory school,Private candidates: No,https://www.cambridgeinternational.org/why-choose-us/find-a-cambridge-school/,Braeburn Mombasa International School|Kenya|Kenya,https://mombasa.braeburn.com/,2026-10-01,43
Brighton International School,Kenya,Kenya,Cambridge-directory school,Private candidates: No,https://www.cambridgeinternational.org/why-choose-us/find-a-cambridge-school/,Brighton International School|Kenya|Kenya,http://www.brightoninternational.sc.ke,2026-10-01,44
Brookhurst International School,Kenya,Kenya,Cambridge-directory school,Private candidates: No,https://www.cambridgeinternational.org/why-choose-us/find-a-cambridge-school/,Brookhurst International School|Kenya|Kenya,http://www.brokhurstschol.or.ke,2026-10-01,45
Brookhurst International School Lavington,Kenya,Kenya,Cambridge-directory school,Private candidates: No,https://www.cambridgeinternational.org/why-choose-us/find-a-cambridge-school/,Brookhurst International School Lavington|Kenya|Kenya,http://www.brookhurstschool.or.ke,2026-10-01,46
Brookside International School,Kenya,Kenya,Cambridge-directory school,Private candidates: Yes,https://www.cambridgeinternational.org/why-choose-us/find-a-cambridge-school/,Brookside International School|Kenya|Kenya,http://www.brooksideschools.com,2026-10-01,47
100 Lambs International School,Malaysia,Malaysia,Cambridge-directory school,Private candidates: Yes,https://www.cambridgeinternational.org/why-choose-us/find-a-cambridge-school/,100 Lambs International School|Malaysia|Malaysia,http://www.100lambs.com,2026-10-01,48
AIS International School,Malaysia,Malaysia,Cambridge-directory school,Private candidates: Yes,https://www.cambridgeinternational.org/why-choose-us/find-a-cambridge-school/,AIS International School|Malaysia|Malaysia,http://www.ais-kl.edu.my,2026-10-01,49
Abedeen International School,Malaysia,Malaysia,Cambridge-directory school,Private candidates: Yes,https://www.cambridgeinternational.org/why-choose-us/find-a-cambridge-school/,Abedeen International School|Malaysia|Malaysia,http://www.abedeen.edu.my,2026-10-01,50
Acmar International School,Malaysia,Malaysia,Cambridge-directory school,Private candidates: Yes,https://www.cambridgeinternational.org/why-choose-us/find-a-cambridge-school/,Acmar International School|Malaysia|Malaysia,http://www.acmarschools.com.my,2026-10-01,51
"Adcote Matrix International School, Malaysia",Malaysia,Malaysia,Cambridge-directory school,Private candidates: Yes,https://www.cambridgeinternational.org/why-choose-us/find-a-cambridge-school/,"Adcote Matrix International School, Malaysia|Malaysia|Malaysia",http://www.matrixschools.edu.my,2026-10-01,52
Ardence International Secondary School,Malaysia,Malaysia,Cambridge-directory school,Private candidates: Yes,https://www.cambridgeinternational.org/why-choose-us/find-a-cambridge-school/,Ardence International Secondary School|Malaysia|Malaysia,https://www.ardenceinternationalschool.edu.my/,2026-10-01,53
Arrows International Secondary School,Malaysia,Malaysia,Cambridge-directory school,Private candidates: Yes,https://www.cambridgeinternational.org/why-choose-us/find-a-cambridge-school/,Arrows International Secondary School|Malaysia|Malaysia,http://www.arrows.my,2026-10-01,54
Asia Pacific International School,Malaysia,Malaysia,Cambridge-directory school,Private candidates: No,https://www.cambridgeinternational.org/why-choose-us/find-a-cambridge-school/,Asia Pacific International School|Malaysia|Malaysia,http://www.apis.edu.my,2026-10-01,55
GREEN HILLS INTERNATIONAL SCHOOL SJ,Mexico,Mexico,Cambridge-directory school,Private candidates: Yes,https://www.cambridgeinternational.org/why-choose-us/find-a-cambridge-school/,GREEN HILLS INTERNATIONAL SCHOOL SJ|Mexico|Mexico,http://colegiogreenhills.com,2026-10-01,56
Australian International School,Singapore,Singapore,Cambridge-directory school,Private candidates: No,https://www.cambridgeinternational.org/why-choose-us/find-a-cambridge-school/,Australian International School|Singapore|Singapore,https://www.ais.com.sg/,2026-10-01,57
DPS International School Singapore,Singapore,Singapore,Cambridge-directory school,Private candidates: No,https://www.cambridgeinternational.org/why-choose-us/find-a-cambridge-school/,DPS International School Singapore|Singapore|Singapore,http://www.dps.edu.sg,2026-10-01,58
Dynamics International School Pte Ltd,Singapore,Singapore,Cambridge-directory school,Private candidates: Yes,https://www.cambridgeinternational.org/why-choose-us/find-a-cambridge-school/,Dynamics International School Pte Ltd|Singapore|Singapore,http://www.dynamics.edu.sg,2026-10-01,59
"Etonhouse International School, Orchard",Singapore,Singapore,Cambridge-directory school,Private candidates: No,https://www.cambridgeinternational.org/why-choose-us/find-a-cambridge-school/,"Etonhouse International School, Orchard|Singapore|Singapore",https://www.etonhouse.edu.sg/school/orchard/,2026-10-01,60
Furen International School,Singapore,Singapore,Cambridge-directory school,Private candidates: Yes,https://www.cambridgeinternational.org/why-choose-us/find-a-cambridge-school/,Furen International School|Singapore|Singapore,https://www.fis.edu.sg/,2026-10-01,61
GIG International School,Singapore,Singapore,Cambridge-directory school,Private candidates: No,https://www.cambridgeinternational.org/why-choose-us/find-a-cambridge-school/,GIG International School|Singapore|Singapore,http://www.gigis.edu.sg/,2026-10-01,62
Global Indian International School Pte. Ltd.,Singapore,Singapore,Cambridge-directory school,Private candidates: No,https://www.cambridgeinternational.org/why-choose-us/find-a-cambridge-school/,Global Indian International School Pte. Ltd.|Singapore|Singapore,https://globalindianschool.org/sg/,2026-10-01,63
HFSE International School,Singapore,Singapore,Cambridge-directory school,Private candidates: Yes,https://www.cambridgeinternational.org/why-choose-us/find-a-cambridge-school/,HFSE International School|Singapore|Singapore,https://isa.hfse.edu.sg/,2026-10-01,64
Alma Mater International School,South Africa,South Africa,Cambridge-directory school,Private candidates: Yes,https://www.cambridgeinternational.org/why-choose-us/find-a-cambridge-school/,Alma Mater International School|South Africa|South Africa,https://www.almamaterinternationalschool.co.za/,2026-10-01,65
Blouberg International School,South Africa,South Africa,Cambridge-directory school,Private candidates: Yes,https://www.cambridgeinternational.org/why-choose-us/find-a-cambridge-school/,Blouberg International School|South Africa|South Africa,http://www.blouberginternational.co.za,2026-10-01,66
DREAMHILL INTERNATIONAL SCHOOL,South Africa,South Africa,Cambridge-directory school,Private candidates: Yes,https://www.cambridgeinternational.org/why-choose-us/find-a-cambridge-school/,DREAMHILL INTERNATIONAL SCHOOL|South Africa|South Africa,http://www.dreamhillschools.co.za,2026-10-01,67
IES International Helderberg School (Pty) Ltd,South Africa,South Africa,Cambridge-directory school,Private candidates: Yes,https://www.cambridgeinternational.org/why-choose-us/find-a-cambridge-school/,IES International Helderberg School (Pty) Ltd|South Africa|South Africa,https://helderberginternational.co.za/,2026-10-01,68
International School of Cape Town,South Africa,South Africa,Cambridge-directory school,Private candidates: Yes,https://www.cambridgeinternational.org/why-choose-us/find-a-cambridge-school/,International School of Cape Town|South Africa|South Africa,http://www.isct.co.za,2026-10-01,69
International School of South Africa,South Africa,South Africa,Cambridge-directory school,Private candidates: Yes,https://www.cambridgeinternational.org/why-choose-us/find-a-cambridge-school/,International School of South Africa|South Africa|South Africa,http://www.internationalschoolofsa.co.za,2026-10-01,70
Jacaranda International Pre-Primary and School,South Africa,South Africa,Cambridge-directory school,Private candidates: No,https://www.cambridgeinternational.org/why-choose-us/find-a-cambridge-school/,Jacaranda International Pre-Primary and School|South Africa|South Africa,https://www.jacarandainternational.co.za/,2026-10-01,71
NORTH AMERICAN INTERNATIONAL SCHOOL,South Africa,South Africa,Cambridge-directory school,Private candidates: Yes,https://www.cambridgeinternational.org/why-choose-us/find-a-cambridge-school/,NORTH AMERICAN INTERNATIONAL SCHOOL|South Africa|South Africa,http://www.nais.co.za,2026-10-01,72
Academia International School,Switzerland,Switzerland,Cambridge-directory school,Private candidates: Yes,https://www.cambridgeinternational.org/why-choose-us/find-a-cambridge-school/,Academia International School|Switzerland|Switzerland,http://www.academia-group.ch,2026-10-01,73
Academia International School Zurich,Switzerland,Switzerland,Cambridge-directory school,Private candidates: Yes,https://www.cambridgeinternational.org/why-choose-us/find-a-cambridge-school/,Academia International School Zurich|Switzerland|Switzerland,https://academia-international.ch/campus-zurich/,2026-10-01,74
Brillantmont International School,Switzerland,Switzerland,Cambridge-directory school,Private candidates: No,https://www.cambridgeinternational.org/why-choose-us/find-a-cambridge-school/,Brillantmont International School|Switzerland|Switzerland,https://www.brillantmont.ch,2026-10-01,75
Edelweiss International School,Switzerland,Switzerland,Cambridge-directory school,Private candidates: Yes,https://www.cambridgeinternational.org/why-choose-us/find-a-cambridge-school/,Edelweiss International School|Switzerland|Switzerland,http://www.edelweiss-school.ch,2026-10-01,76
International School Kreuzlingen Konstanz,Switzerland,Switzerland,Cambridge-directory school,Private candidates: Yes,https://www.cambridgeinternational.org/why-choose-us/find-a-cambridge-school/,International School Kreuzlingen Konstanz|Switzerland|Switzerland,http://www.talent-campus-bodensee.ch,2026-10-01,77
International School Of Central Switzerland,Switzerland,Switzerland,Cambridge-directory school,Private candidates: Yes,https://www.cambridgeinternational.org/why-choose-us/find-a-cambridge-school/,International School Of Central Switzerland|Switzerland|Switzerland,http://www.isocs.ch/,2026-10-01,78
International School Zurich North,Switzerland,Switzerland,Cambridge-directory school,Private candidates: No,https://www.cambridgeinternational.org/why-choose-us/find-a-cambridge-school/,International School Zurich North|Switzerland|Switzerland,https://www.iszn.ch/,2026-10-01,79
Anglo Singapore International School,Thailand,Thailand,Cambridge-directory school,Private candidates: Yes,https://www.cambridgeinternational.org/why-choose-us/find-a-cambridge-school/,Anglo Singapore International School|Thailand|Thailand,http://www.anglosingapore.ac.th,2026-10-01,80
Ascot International School,Thailand,Thailand,Cambridge-directory school,Private candidates: Yes,https://www.cambridgeinternational.org/why-choose-us/find-a-cambridge-school/,Ascot International School|Thailand|Thailand,http://www.ascot.ac.th,2026-10-01,81
Aster International School Bangkok,Thailand,Thailand,Cambridge-directory school,Private candidates: Yes,https://www.cambridgeinternational.org/why-choose-us/find-a-cambridge-school/,Aster International School Bangkok|Thailand|Thailand,http://www.asterbangkok.com/,2026-10-01,82
Astra Academy International School,Thailand,Thailand,Cambridge-directory school,Private candidates: No,https://www.cambridgeinternational.org/why-choose-us/find-a-cambridge-school/,Astra Academy International School|Thailand|Thailand,http://www.astra.ac.th,2026-10-01,83
Australian International School of Bangkok,Thailand,Thailand,Cambridge-directory school,Private candidates: Yes,https://www.cambridgeinternational.org/why-choose-us/find-a-cambridge-school/,Australian International School of Bangkok|Thailand|Thailand,https://www.australianisb.ac.th/,2026-10-01,84
Balance International School Suratthani,Thailand,Thailand,Cambridge-directory school,Private candidates: Yes,https://www.cambridgeinternational.org/why-choose-us/find-a-cambridge-school/,Balance International School Suratthani|Thailand|Thailand,http://www.biss.ac.th,2026-10-01,85
Bangkok International Preparatory And Secondary School,Thailand,Thailand,Cambridge-directory school,Private candidates: No,https://www.cambridgeinternational.org/why-choose-us/find-a-cambridge-school/,Bangkok International Preparatory And Secondary School|Thailand|Thailand,http://www.bkkprep.ac.th,2026-10-01,86
Abu Dhabi International Private School,United Arab Emirates,UAE,Cambridge-directory school,Private candidates: Yes,https://www.cambridgeinternational.org/why-choose-us/find-a-cambridge-school/,Abu Dhabi International Private School|UAE|United Arab Emirates,http://www.aisuae.com,2026-10-01,87
Ajyal International School,United Arab Emirates,UAE,Cambridge-directory school,Private candidates: No,https://www.cambridgeinternational.org/why-choose-us/find-a-cambridge-school/,Ajyal International School|UAE|United Arab Emirates,https://ajyal.sch.ae,2026-10-01,88
Al Ansar International School,United Arab Emirates,UAE,Cambridge-directory school,Private candidates: No,https://www.cambridgeinternational.org/why-choose-us/find-a-cambridge-school/,Al Ansar International School|UAE|United Arab Emirates,https://alansarschool.net/,2026-10-01,89
Al Ma'arifa International Private School,United Arab Emirates,UAE,Cambridge-directory school,Private candidates: Yes,https://www.cambridgeinternational.org/why-choose-us/find-a-cambridge-school/,Al Ma'arifa International Private School|UAE|United Arab Emirates,http://www.almarifa-intsch.ae,2026-10-01,90
Amity International School,United Arab Emirates,UAE,Cambridge-directory school,Private candidates: Yes,https://www.cambridgeinternational.org/why-choose-us/find-a-cambridge-school/,Amity International School|UAE|United Arab Emirates,http://www.amityabudhabi.com,2026-10-01,91
"Apple International Community School, Karama",United Arab Emirates,UAE,Cambridge-directory school,Private candidates: No,https://www.cambridgeinternational.org/why-choose-us/find-a-cambridge-school/,"Apple International Community School, Karama|UAE|United Arab Emirates",https://applecommunityschool.ae/,2026-10-01,92
Belvedere International School,United Arab Emirates,UAE,Cambridge-directory school,Private candidates: No,https://www.cambridgeinternational.org/why-choose-us/find-a-cambridge-school/,Belvedere International School|UAE|United Arab Emirates,http://www.belvedereinternationalschool.com,2026-10-01,93
International Community School,United Kingdom,UK,Cambridge-directory school,Private candidates: No,https://www.cambridgeinternational.org/why-choose-us/find-a-cambridge-school/,International Community School|UK|United Kingdom,https://www.icslondon.co.uk/,2026-10-01,94
International School Aberdeen,United Kingdom,UK,Cambridge-directory school,Private candidates: No,https://www.cambridgeinternational.org/why-choose-us/find-a-cambridge-school/,International School Aberdeen|UK|United Kingdom,https://isa.aberdeen.sch.uk/,2026-10-01,95
International School of Creative Arts,United Kingdom,UK,Cambridge-directory school,Private candidates: No,https://www.cambridgeinternational.org/why-choose-us/find-a-cambridge-school/,International School of Creative Arts|UK|United Kingdom,http://www.isca.uk.com,2026-10-01,96
Landmark International School,United Kingdom,UK,Cambridge-directory school,Private candidates: No,https://www.cambridgeinternational.org/why-choose-us/find-a-cambridge-school/,Landmark International School|UK|United Kingdom,https://landmarkinternationalschool.co.uk/,2026-10-01,97
St John's International School,United Kingdom,UK,Cambridge-directory school,Private candidates: No,https://www.cambridgeinternational.org/why-choose-us/find-a-cambridge-school/,St John's International School|UK|United Kingdom,http://www.stjohnsdevon.co.uk,2026-10-01,98
Taunton School International,United Kingdom,UK,Cambridge-directory school,Private candidates: No,https://www.cambridgeinternational.org/why-choose-us/find-a-cambridge-school/,Taunton School International|UK|United Kingdom,http://www.tauntonschool.co.uk/,2026-10-01,99
Wotton House International School,United Kingdom,UK,Cambridge-directory school,Private candidates: Yes,https://www.cambridgeinternational.org/why-choose-us/find-a-cambridge-school/,Wotton House International School|UK|United Kingdom,http://wottonhouseschool.co.uk,2026-10-01,100
