name,location,country,type,detail,source_url,institution_id,website,checked_at,nirf_rank,nirf_score,state,institution_report,number
"All India Institute of Medical Sciences, Delhi","New Delhi, Delhi",India,NIRF 2025 Medical ranked institution,Published rank 1; score 91.80,https://www.nirfindia.org/Rankings/2025/MedicalRanking.html,IR-D-N-15,,2026-10-01,1,91.80,Delhi,https://www.nirfindia.org/nirfpdfcdn/2025/pdf/Medical/IR-D-N-15.pdf,1
Post Graduate Institute of Medical Education and Research,"Chandigarh, Chandigarh",India,NIRF 2025 Medical ranked institution,Published rank 2; score 82.58,https://www.nirfindia.org/Rankings/2025/MedicalRanking.html,IR-D-U-0079,,2026-10-01,2,82.58,Chandigarh,https://www.nirfindia.org/nirfpdfcdn/2025/pdf/Medical/IR-D-U-0079.pdf,2
Christian Medical College,"Vellore, Tamil Nadu",India,NIRF 2025 Medical ranked institution,Published rank 3; score 76.48,https://www.nirfindia.org/Rankings/2025/MedicalRanking.html,IR-D-C-45654,,2026-10-01,3,76.48,Tamil Nadu,https://www.nirfindia.org/nirfpdfcdn/2025/pdf/Medical/IR-D-C-45654.pdf,3
Jawaharlal Institute of Post Graduate Medical Education & Research,"Puducherry, Pondicherry",India,NIRF 2025 Medical ranked institution,Published rank 4; score 73.30,https://www.nirfindia.org/Rankings/2025/MedicalRanking.html,IR-D-U-0368,,2026-10-01,4,73.30,Pondicherry,https://www.nirfindia.org/nirfpdfcdn/2025/pdf/Medical/IR-D-U-0368.pdf,4
Sanjay Gandhi Postgraduate Institute of Medical Sciences,"Lucknow, Uttar Pradesh",India,NIRF 2025 Medical ranked institution,Published rank 5; score 70.09,https://www.nirfindia.org/Rankings/2025/MedicalRanking.html,IR-D-N-33,,2026-10-01,5,70.09,Uttar Pradesh,https://www.nirfindia.org/nirfpdfcdn/2025/pdf/Medical/IR-D-N-33.pdf,5
Banaras Hindu University,"Varanasi, Uttar Pradesh",India,NIRF 2025 Medical ranked institution,Published rank 6; score 70.05,https://www.nirfindia.org/Rankings/2025/MedicalRanking.html,IR-D-U-0500,,2026-10-01,6,70.05,Uttar Pradesh,https://www.nirfindia.org/nirfpdfcdn/2025/pdf/Medical/IR-D-U-0500.pdf,6
"National Institute of Mental Health & Neuro Sciences, Bangalore","Bengaluru, Karnataka",India,NIRF 2025 Medical ranked institution,Published rank 7; score 69.77,https://www.nirfindia.org/Rankings/2025/MedicalRanking.html,IR-D-U-0236,,2026-10-01,7,69.77,Karnataka,https://www.nirfindia.org/nirfpdfcdn/2025/pdf/Medical/IR-D-U-0236.pdf,7
King George`s Medical University,"Lucknow, Uttar Pradesh",India,NIRF 2025 Medical ranked institution,Published rank 8; score 68.77,https://www.nirfindia.org/Rankings/2025/MedicalRanking.html,IR-D-U-0523,,2026-10-01,8,68.77,Uttar Pradesh,https://www.nirfindia.org/nirfpdfcdn/2025/pdf/Medical/IR-D-U-0523.pdf,8
Amrita Vishwa Vidyapeetham,"Coimbatore, Tamil Nadu",India,NIRF 2025 Medical ranked institution,Published rank 9; score 68.52,https://www.nirfindia.org/Rankings/2025/MedicalRanking.html,IR-D-U-0436,,2026-10-01,9,68.52,Tamil Nadu,https://www.nirfindia.org/nirfpdfcdn/2025/pdf/Medical/IR-D-U-0436.pdf,9
"Kasturba Medical College, Manipal","Manipal, Karnataka",India,NIRF 2025 Medical ranked institution,Published rank 10; score 68.05,https://www.nirfindia.org/Rankings/2025/MedicalRanking.html,IR-D-C-7242,,2026-10-01,10,68.05,Karnataka,https://www.nirfindia.org/nirfpdfcdn/2025/pdf/Medical/IR-D-C-7242.pdf,10
Saveetha Institute of Medical and Technical Sciences,"Chennai, Tamil Nadu",India,NIRF 2025 Medical ranked institution,Published rank 11; score 66.50,https://www.nirfindia.org/Rankings/2025/MedicalRanking.html,IR-D-I-1441,,2026-10-01,11,66.50,Tamil Nadu,https://www.nirfindia.org/nirfpdfcdn/2025/pdf/Medical/IR-D-I-1441.pdf,11
Dr. D. Y. Patil Vidyapeeth,"Pune, Maharashtra",India,NIRF 2025 Medical ranked institution,Published rank 12; score 65.17,https://www.nirfindia.org/Rankings/2025/MedicalRanking.html,IR-D-I-1110,,2026-10-01,12,65.17,Maharashtra,https://www.nirfindia.org/nirfpdfcdn/2025/pdf/Medical/IR-D-I-1110.pdf,12
All India Institute of Medical Sciences Rishikesh,"Rishikesh, Uttarakhand",India,NIRF 2025 Medical ranked institution,Published rank 13; score 65.02,https://www.nirfindia.org/Rankings/2025/MedicalRanking.html,IR-D-U-0691,,2026-10-01,13,65.02,Uttarakhand,https://www.nirfindia.org/nirfpdfcdn/2025/pdf/Medical/IR-D-U-0691.pdf,13
All India Institute of Medical Sciences Bhubaneswar,"Khordha, Odisha",India,NIRF 2025 Medical ranked institution,Published rank 14; score 64.31,https://www.nirfindia.org/Rankings/2025/MedicalRanking.html,IR-D-U-0688,,2026-10-01,14,64.31,Odisha,https://www.nirfindia.org/nirfpdfcdn/2025/pdf/Medical/IR-D-U-0688.pdf,14
Siksha `O` Anusandhan,"Bhubaneswar, Odisha",India,NIRF 2025 Medical ranked institution,Published rank 15; score 63.73,https://www.nirfindia.org/Rankings/2025/MedicalRanking.html,IR-D-U-0363,,2026-10-01,15,63.73,Odisha,https://www.nirfindia.org/nirfpdfcdn/2025/pdf/Medical/IR-D-U-0363.pdf,15
"Madras Medical College & Government General Hospital, Chennai","Chennai, Tamil Nadu",India,NIRF 2025 Medical ranked institution,Published rank 16; score 63.71,https://www.nirfindia.org/Rankings/2025/MedicalRanking.html,IR-D-C-49008,,2026-10-01,16,63.71,Tamil Nadu,https://www.nirfindia.org/nirfpdfcdn/2025/pdf/Medical/IR-D-C-49008.pdf,16
"Sree Chitra Tirunal Institute for Medical Sciences and Technology, Thiruvananthapuram","Thiruvananthapuram, Kerala",India,NIRF 2025 Medical ranked institution,Published rank 17; score 63.36,https://www.nirfindia.org/Rankings/2025/MedicalRanking.html,IR-D-U-0266,,2026-10-01,17,63.36,Kerala,https://www.nirfindia.org/nirfpdfcdn/2025/pdf/Medical/IR-D-U-0266.pdf,17
S.R.M. Institute of Science and Technology,"Chennai, Tamil Nadu",India,NIRF 2025 Medical ranked institution,Published rank 18; score 63.22,https://www.nirfindia.org/Rankings/2025/MedicalRanking.html,IR-D-U-0473,,2026-10-01,18,63.22,Tamil Nadu,https://www.nirfindia.org/nirfpdfcdn/2025/pdf/Medical/IR-D-U-0473.pdf,18
All India Institute of Medical Sciences Jodhpur,"Jodhpur, Rajasthan",India,NIRF 2025 Medical ranked institution,Published rank 19; score 63.18,https://www.nirfindia.org/Rankings/2025/MedicalRanking.html,IR-D-U-0689,,2026-10-01,19,63.18,Rajasthan,https://www.nirfindia.org/nirfpdfcdn/2025/pdf/Medical/IR-D-U-0689.pdf,19
Datta Meghe Institute of Higher Education and Research,"Wardha, Maharashtra",India,NIRF 2025 Medical ranked institution,Published rank 20; score 62.37,https://www.nirfindia.org/Rankings/2025/MedicalRanking.html,IR-D-U-0295,,2026-10-01,20,62.37,Maharashtra,https://www.nirfindia.org/nirfpdfcdn/2025/pdf/Medical/IR-D-U-0295.pdf,20
Sri Ramachandra Institute of Higher Education and Research,"Chennai, Tamil Nadu",India,NIRF 2025 Medical ranked institution,Published rank 21; score 61.54,https://www.nirfindia.org/Rankings/2025/MedicalRanking.html,IR-D-I-1486,,2026-10-01,21,61.54,Tamil Nadu,https://www.nirfindia.org/nirfpdfcdn/2025/pdf/Medical/IR-D-I-1486.pdf,21
Vardhman Mahavir Medical College & Safdarjung Hospital,"New Delhi, Delhi",India,NIRF 2025 Medical ranked institution,Published rank 22; score 61.50,https://www.nirfindia.org/Rankings/2025/MedicalRanking.html,IR-D-C-32922,,2026-10-01,22,61.50,Delhi,https://www.nirfindia.org/nirfpdfcdn/2025/pdf/Medical/IR-D-C-32922.pdf,22
Institute of Post Graduate Medical Education & Research,"Kolkata, West Bengal",India,NIRF 2025 Medical ranked institution,Published rank 23; score 61.07,https://www.nirfindia.org/Rankings/2025/MedicalRanking.html,IR-D-C-16428,,2026-10-01,23,61.07,West Bengal,https://www.nirfindia.org/nirfpdfcdn/2025/pdf/Medical/IR-D-C-16428.pdf,23
Kalinga Institute of Industrial Technology,"Bhubaneswar, Odisha",India,NIRF 2025 Medical ranked institution,Published rank 24; score 61.00,https://www.nirfindia.org/Rankings/2025/MedicalRanking.html,IR-D-U-0356,,2026-10-01,24,61.00,Odisha,https://www.nirfindia.org/nirfpdfcdn/2025/pdf/Medical/IR-D-U-0356.pdf,24
All India Institute of Medical Sciences Bhopal,"Bhopal, Madhya Pradesh",India,NIRF 2025 Medical ranked institution,Published rank 25; score 60.15,https://www.nirfindia.org/Rankings/2025/MedicalRanking.html,IR-D-U-0687,,2026-10-01,25,60.15,Madhya Pradesh,https://www.nirfindia.org/nirfpdfcdn/2025/pdf/Medical/IR-D-U-0687.pdf,25
Maulana Azad Medical College,"Delhi, Delhi",India,NIRF 2025 Medical ranked institution,Published rank 26; score 59.47,https://www.nirfindia.org/Rankings/2025/MedicalRanking.html,IR-D-C-6414,,2026-10-01,26,59.47,Delhi,https://www.nirfindia.org/nirfpdfcdn/2025/pdf/Medical/IR-D-C-6414.pdf,26
All India Institute of Medical Sciences Patna,"Patna, Bihar",India,NIRF 2025 Medical ranked institution,Published rank 27; score 59.24,https://www.nirfindia.org/Rankings/2025/MedicalRanking.html,IR-D-U-0686,,2026-10-01,27,59.24,Bihar,https://www.nirfindia.org/nirfpdfcdn/2025/pdf/Medical/IR-D-U-0686.pdf,27
Institute of Liver and Biliary Sciences,"New Delhi, Delhi",India,NIRF 2025 Medical ranked institution,Published rank 28; score 59.22,https://www.nirfindia.org/Rankings/2025/MedicalRanking.html,IR-D-U-0106,,2026-10-01,28,59.22,Delhi,https://www.nirfindia.org/nirfpdfcdn/2025/pdf/Medical/IR-D-U-0106.pdf,28
Aligarh Muslim University,"Aligarh, Uttar Pradesh",India,NIRF 2025 Medical ranked institution,Published rank 29; score 58.82,https://www.nirfindia.org/Rankings/2025/MedicalRanking.html,IR-D-U-0496,,2026-10-01,29,58.82,Uttar Pradesh,https://www.nirfindia.org/nirfpdfcdn/2025/pdf/Medical/IR-D-U-0496.pdf,29
St. John's Medical College,"Bengaluru, Karnataka",India,NIRF 2025 Medical ranked institution,Published rank 30; score 58.74,https://www.nirfindia.org/Rankings/2025/MedicalRanking.html,IR-D-C-40453,,2026-10-01,30,58.74,Karnataka,https://www.nirfindia.org/nirfpdfcdn/2025/pdf/Medical/IR-D-C-40453.pdf,30
All India Institute of Medical Sciences Raipur,"Raipur, Chhattisgarh",India,NIRF 2025 Medical ranked institution,Published rank 31; score 58.44,https://www.nirfindia.org/Rankings/2025/MedicalRanking.html,IR-D-U-0690,,2026-10-01,31,58.44,Chhattisgarh,https://www.nirfindia.org/nirfpdfcdn/2025/pdf/Medical/IR-D-U-0690.pdf,31
Lady Hardinge Medical College,"New Delhi, Delhi",India,NIRF 2025 Medical ranked institution,Published rank 32; score 57.98,https://www.nirfindia.org/Rankings/2025/MedicalRanking.html,IR-D-C-22461,,2026-10-01,32,57.98,Delhi,https://www.nirfindia.org/nirfpdfcdn/2025/pdf/Medical/IR-D-C-22461.pdf,32
Maharishi Markandeshwar,"Ambala, Haryana",India,NIRF 2025 Medical ranked institution,Published rank 33; score 56.68,https://www.nirfindia.org/Rankings/2025/MedicalRanking.html,IR-D-U-0168,,2026-10-01,33,56.68,Haryana,https://www.nirfindia.org/nirfpdfcdn/2025/pdf/Medical/IR-D-U-0168.pdf,33
Govt. Medical College & Hospital,"Chandigarh, Chandigarh",India,NIRF 2025 Medical ranked institution,Published rank 34; score 56.67,https://www.nirfindia.org/Rankings/2025/MedicalRanking.html,IR-D-C-29442,,2026-10-01,34,56.67,Chandigarh,https://www.nirfindia.org/nirfpdfcdn/2025/pdf/Medical/IR-D-C-29442.pdf,34
"Kasturba Medical College, Mangalore","Mangaluru, Karnataka",India,NIRF 2025 Medical ranked institution,Published rank 35; score 56.45,https://www.nirfindia.org/Rankings/2025/MedicalRanking.html,IR-D-C-7251,,2026-10-01,35,56.45,Karnataka,https://www.nirfindia.org/nirfpdfcdn/2025/pdf/Medical/IR-D-C-7251.pdf,35
Dayanand Medical College,"Ludhiana, Punjab",India,NIRF 2025 Medical ranked institution,Published rank 36; score 55.65,https://www.nirfindia.org/Rankings/2025/MedicalRanking.html,IR-D-C-29255,,2026-10-01,36,55.65,Punjab,https://www.nirfindia.org/nirfpdfcdn/2025/pdf/Medical/IR-D-C-29255.pdf,36
"JSS Medical College, Mysore","Mysuru, Karnataka",India,NIRF 2025 Medical ranked institution,Published rank 37; score 55.51,https://www.nirfindia.org/Rankings/2025/MedicalRanking.html,IR-D-C-35009,,2026-10-01,37,55.51,Karnataka,https://www.nirfindia.org/nirfpdfcdn/2025/pdf/Medical/IR-D-C-35009.pdf,37
University College of Medical Sciences,"Delhi, Delhi",India,NIRF 2025 Medical ranked institution,Published rank 38; score 54.21,https://www.nirfindia.org/Rankings/2025/MedicalRanking.html,IR-D-I-1409,,2026-10-01,38,54.21,Delhi,https://www.nirfindia.org/nirfpdfcdn/2025/pdf/Medical/IR-D-I-1409.pdf,38
Sawai Man Singh Medical College,"Jaipur, Rajasthan",India,NIRF 2025 Medical ranked institution,Published rank 39; score 52.69,https://www.nirfindia.org/Rankings/2025/MedicalRanking.html,IR-D-N-17,,2026-10-01,39,52.69,Rajasthan,https://www.nirfindia.org/nirfpdfcdn/2025/pdf/Medical/IR-D-N-17.pdf,39
Jamia Hamdard,"New Delhi, Delhi",India,NIRF 2025 Medical ranked institution,Published rank 40; score 52.57,https://www.nirfindia.org/Rankings/2025/MedicalRanking.html,IR-D-U-0107,,2026-10-01,40,52.57,Delhi,https://www.nirfindia.org/nirfpdfcdn/2025/pdf/Medical/IR-D-U-0107.pdf,40
Medical College,"Kolkata, West Bengal",India,NIRF 2025 Medical ranked institution,Published rank 41; score 52.54,https://www.nirfindia.org/Rankings/2025/MedicalRanking.html,IR-D-C-16424,,2026-10-01,41,52.54,West Bengal,https://www.nirfindia.org/nirfpdfcdn/2025/pdf/Medical/IR-D-C-16424.pdf,41
Mahatma Gandhi Medical College and Research Institute,"Puducherry, Pondicherry",India,NIRF 2025 Medical ranked institution,Published rank 42; score 52.42,https://www.nirfindia.org/Rankings/2025/MedicalRanking.html,IR-D-C-47762,,2026-10-01,42,52.42,Pondicherry,https://www.nirfindia.org/nirfpdfcdn/2025/pdf/Medical/IR-D-C-47762.pdf,42
PSG Institute of Medical Sciences and Research,"Coimbatore, Tamil Nadu",India,NIRF 2025 Medical ranked institution,Published rank 43; score 52.41,https://www.nirfindia.org/Rankings/2025/MedicalRanking.html,IR-D-C-45515,,2026-10-01,43,52.41,Tamil Nadu,https://www.nirfindia.org/nirfpdfcdn/2025/pdf/Medical/IR-D-C-45515.pdf,43
Gujarat Cancer & Research Institute,"Ahmadabad, Gujarat",India,NIRF 2025 Medical ranked institution,Published rank 44; score 52.15,https://www.nirfindia.org/Rankings/2025/MedicalRanking.html,IR-D-C-5838,,2026-10-01,44,52.15,Gujarat,https://www.nirfindia.org/nirfpdfcdn/2025/pdf/Medical/IR-D-C-5838.pdf,44
B. J. Medical College,"Ahmadabad, Gujarat",India,NIRF 2025 Medical ranked institution,Published rank 45; score 51.84,https://www.nirfindia.org/Rankings/2025/MedicalRanking.html,IR-D-C-6051,,2026-10-01,45,51.84,Gujarat,https://www.nirfindia.org/nirfpdfcdn/2025/pdf/Medical/IR-D-C-6051.pdf,45
Jawaharlal Nehru Medical College,"Belagavi, Karnataka",India,NIRF 2025 Medical ranked institution,Published rank 46; score 51.70,https://www.nirfindia.org/Rankings/2025/MedicalRanking.html,IR-D-C-24503,,2026-10-01,46,51.70,Karnataka,https://www.nirfindia.org/nirfpdfcdn/2025/pdf/Medical/IR-D-C-24503.pdf,46
"Christian Medical College, Brown Road, Ludhiana","Ludhiana, Punjab",India,NIRF 2025 Medical ranked institution,Published rank 47; score 51.47,https://www.nirfindia.org/Rankings/2025/MedicalRanking.html,IR-D-C-29209,,2026-10-01,47,51.47,Punjab,https://www.nirfindia.org/nirfpdfcdn/2025/pdf/Medical/IR-D-C-29209.pdf,47
Osmania Medical College,"HYDERABAD, Telangana",India,NIRF 2025 Medical ranked institution,Published rank 48; score 51.46,https://www.nirfindia.org/Rankings/2025/MedicalRanking.html,IR-D-C-30588,,2026-10-01,48,51.46,Telangana,https://www.nirfindia.org/nirfpdfcdn/2025/pdf/Medical/IR-D-C-30588.pdf,48
Chettinad Academy of Research and Education,"Kelambakkam, Chengalpattu District, Tamil Nadu",India,NIRF 2025 Medical ranked institution,Published rank 49; score 51.41,https://www.nirfindia.org/Rankings/2025/MedicalRanking.html,IR-D-U-0451,,2026-10-01,49,51.41,Tamil Nadu,https://www.nirfindia.org/nirfpdfcdn/2025/pdf/Medical/IR-D-U-0451.pdf,49
M. S. Ramaiah Medical College,"Bengaluru, Karnataka",India,NIRF 2025 Medical ranked institution,Published rank 50; score 50.91,https://www.nirfindia.org/Rankings/2025/MedicalRanking.html,IR-D-C-40345,,2026-10-01,50,50.91,Karnataka,https://www.nirfindia.org/nirfpdfcdn/2025/pdf/Medical/IR-D-C-40345.pdf,50
ACSR GOVERNMENT MEDICAL COLLEGE,"Nellore, Andhra Pradesh",India,NIRF 2025 Medical participant,No published rank or score in the ranked table,https://www.nirfindia.org/Rankings/2025/MedicalRankingALL.html,"ACSR GOVERNMENT MEDICAL COLLEGE|Nellore, Andhra Pradesh",,2026-10-01,Not published,Not published,Andhra Pradesh,,51
Andhra Medical College,"Visakhapatnam, Andhra Pradesh",India,NIRF 2025 Medical participant,No published rank or score in the ranked table,https://www.nirfindia.org/Rankings/2025/MedicalRankingALL.html,"Andhra Medical College|Visakhapatnam, Andhra Pradesh",,2026-10-01,Not published,Not published,Andhra Pradesh,,52
"GEMS Medical College, Srikakulam","Srikakulam, Andhra Pradesh",India,NIRF 2025 Medical participant,No published rank or score in the ranked table,https://www.nirfindia.org/Rankings/2025/MedicalRankingALL.html,"GEMS Medical College, Srikakulam|Srikakulam, Andhra Pradesh",,2026-10-01,Not published,Not published,Andhra Pradesh,,53
Gauhati Medical College,"Guwahati, Assam",India,NIRF 2025 Medical participant,No published rank or score in the ranked table,https://www.nirfindia.org/Rankings/2025/MedicalRankingALL.html,"Gauhati Medical College|Guwahati, Assam",,2026-10-01,Not published,Not published,Assam,,54
Silchar Medical College,"Silchar, Assam",India,NIRF 2025 Medical participant,No published rank or score in the ranked table,https://www.nirfindia.org/Rankings/2025/MedicalRankingALL.html,"Silchar Medical College|Silchar, Assam",,2026-10-01,Not published,Not published,Assam,,55
Gopal Narayan Singh University,"Sasaram, Bihar",India,NIRF 2025 Medical participant,No published rank or score in the ranked table,https://www.nirfindia.org/Rankings/2025/MedicalRankingALL.html,"Gopal Narayan Singh University|Sasaram, Bihar",,2026-10-01,Not published,Not published,Bihar,,56
Indira Gandhi Institute of Medical Sciences,"Patna, Bihar",India,NIRF 2025 Medical participant,No published rank or score in the ranked table,https://www.nirfindia.org/Rankings/2025/MedicalRankingALL.html,"Indira Gandhi Institute of Medical Sciences|Patna, Bihar",,2026-10-01,Not published,Not published,Bihar,,57
Dr. Ram Manohar Lohia Hospital(PGIMER),"New Delhi, Delhi",India,NIRF 2025 Medical participant,No published rank or score in the ranked table,https://www.nirfindia.org/Rankings/2025/MedicalRankingALL.html,"Dr. Ram Manohar Lohia Hospital(PGIMER)|New Delhi, Delhi",,2026-10-01,Not published,Not published,Delhi,,58
Institute of Human Behavior and Allied Sciences,"Delhi, Delhi",India,NIRF 2025 Medical participant,No published rank or score in the ranked table,https://www.nirfindia.org/Rankings/2025/MedicalRankingALL.html,"Institute of Human Behavior and Allied Sciences|Delhi, Delhi",,2026-10-01,Not published,Not published,Delhi,,59
Goa Medical College Bambolim,"Bambolim, Goa",India,NIRF 2025 Medical participant,No published rank or score in the ranked table,https://www.nirfindia.org/Rankings/2025/MedicalRankingALL.html,"Goa Medical College Bambolim|Bambolim, Goa",,2026-10-01,Not published,Not published,Goa,,60
AMC Medical Education Trust Medical College,"AHMEDABAD, Gujarat",India,NIRF 2025 Medical participant,No published rank or score in the ranked table,https://www.nirfindia.org/Rankings/2025/MedicalRankingALL.html,"AMC Medical Education Trust Medical College|AHMEDABAD, Gujarat",,2026-10-01,Not published,Not published,Gujarat,,61
"Anand Homoeopathic Medical College & Research Institute, Anand","Anand, Gujarat",India,NIRF 2025 Medical participant,No published rank or score in the ranked table,https://www.nirfindia.org/Rankings/2025/MedicalRankingALL.html,"Anand Homoeopathic Medical College & Research Institute, Anand|Anand, Gujarat",,2026-10-01,Not published,Not published,Gujarat,,62
Ananya College of Homoeopathy,"Gandhinagar, Gujarat",India,NIRF 2025 Medical participant,No published rank or score in the ranked table,https://www.nirfindia.org/Rankings/2025/MedicalRankingALL.html,"Ananya College of Homoeopathy|Gandhinagar, Gujarat",,2026-10-01,Not published,Not published,Gujarat,,63
B. P. S. Government Medical College for Women,"Sonipat, Haryana",India,NIRF 2025 Medical participant,No published rank or score in the ranked table,https://www.nirfindia.org/Rankings/2025/MedicalRankingALL.html,"B. P. S. Government Medical College for Women|Sonipat, Haryana",,2026-10-01,Not published,Not published,Haryana,,64
BABA MASTNATH UNIVERSITY,"Rohtak, Haryana",India,NIRF 2025 Medical participant,No published rank or score in the ranked table,https://www.nirfindia.org/Rankings/2025/MedicalRankingALL.html,"BABA MASTNATH UNIVERSITY|Rohtak, Haryana",,2026-10-01,Not published,Not published,Haryana,,65
ESIC MEDICAL COLLEGE AND HOSPITAL,"Faridabad, Haryana",India,NIRF 2025 Medical participant,No published rank or score in the ranked table,https://www.nirfindia.org/Rankings/2025/MedicalRankingALL.html,"ESIC MEDICAL COLLEGE AND HOSPITAL|Faridabad, Haryana",,2026-10-01,Not published,Not published,Haryana,,66
"Maharashi Markandeshwar University, Solan","Solan, Himachal Pradesh",India,NIRF 2025 Medical participant,No published rank or score in the ranked table,https://www.nirfindia.org/Rankings/2025/MedicalRankingALL.html,"Maharashi Markandeshwar University, Solan|Solan, Himachal Pradesh",,2026-10-01,Not published,Not published,Himachal Pradesh,,67
Govt. Medical College,"Jammu, Jammu and Kashmir",India,NIRF 2025 Medical participant,No published rank or score in the ranked table,https://www.nirfindia.org/Rankings/2025/MedicalRankingALL.html,"Govt. Medical College|Jammu, Jammu and Kashmir",,2026-10-01,Not published,Not published,Jammu and Kashmir,,68
"Govt. Medical College Srinagar,","Srinagar, Jammu and Kashmir",India,NIRF 2025 Medical participant,No published rank or score in the ranked table,https://www.nirfindia.org/Rankings/2025/MedicalRankingALL.html,"Govt. Medical College Srinagar,|Srinagar, Jammu and Kashmir",,2026-10-01,Not published,Not published,Jammu and Kashmir,,69
KASHMIR TIBBIA COLLEGE,"Bandiporea, Jammu and Kashmir",India,NIRF 2025 Medical participant,No published rank or score in the ranked table,https://www.nirfindia.org/Rankings/2025/MedicalRankingALL.html,"KASHMIR TIBBIA COLLEGE|Bandiporea, Jammu and Kashmir",,2026-10-01,Not published,Not published,Jammu and Kashmir,,70
All India Institute of Medical Sciences Deoghar,"Deoghar, Jharkhand",India,NIRF 2025 Medical participant,No published rank or score in the ranked table,https://www.nirfindia.org/Rankings/2025/MedicalRankingALL.html,"All India Institute of Medical Sciences Deoghar|Deoghar, Jharkhand",,2026-10-01,Not published,Not published,Jharkhand,,71
Adichunchanagiri Institute of Medical Science,"Nagamangala, Karnataka",India,NIRF 2025 Medical participant,No published rank or score in the ranked table,https://www.nirfindia.org/Rankings/2025/MedicalRankingALL.html,"Adichunchanagiri Institute of Medical Science|Nagamangala, Karnataka",,2026-10-01,Not published,Not published,Karnataka,,72
BGS Global Institute of Medical Sciences,"Bengaluru, Karnataka",India,NIRF 2025 Medical participant,No published rank or score in the ranked table,https://www.nirfindia.org/Rankings/2025/MedicalRankingALL.html,"BGS Global Institute of Medical Sciences|Bengaluru, Karnataka",,2026-10-01,Not published,Not published,Karnataka,,73
"BLDE (DU)?s, Shri B.M.Patil Medical College, Hospital & Research Centre","Vijayapura, Karnataka",India,NIRF 2025 Medical participant,No published rank or score in the ranked table,https://www.nirfindia.org/Rankings/2025/MedicalRankingALL.html,"BLDE (DU)?s, Shri B.M.Patil Medical College, Hospital & Research Centre|Vijayapura, Karnataka",,2026-10-01,Not published,Not published,Karnataka,,74
"AMALA INSTITUTE OF MEDICAL SCIENCES, THRISSUR","Thrissur, Kerala",India,NIRF 2025 Medical participant,No published rank or score in the ranked table,https://www.nirfindia.org/Rankings/2025/MedicalRankingALL.html,"AMALA INSTITUTE OF MEDICAL SCIENCES, THRISSUR|Thrissur, Kerala",,2026-10-01,Not published,Not published,Kerala,,75
Believers Church Medical College Hospital,"Thiruvalla, Kerala",India,NIRF 2025 Medical participant,No published rank or score in the ranked table,https://www.nirfindia.org/Rankings/2025/MedicalRankingALL.html,"Believers Church Medical College Hospital|Thiruvalla, Kerala",,2026-10-01,Not published,Not published,Kerala,,76
"Dr. Moopen?s Medical College,Wayanad","Meppadi, Kerala",India,NIRF 2025 Medical participant,No published rank or score in the ranked table,https://www.nirfindia.org/Rankings/2025/MedicalRankingALL.html,"Dr. Moopen?s Medical College,Wayanad|Meppadi, Kerala",,2026-10-01,Not published,Not published,Kerala,,77
"Jabalpur Institute of Nursing Science and Research, Jabalpur","JABALPUR, Madhya Pradesh",India,NIRF 2025 Medical participant,No published rank or score in the ranked table,https://www.nirfindia.org/Rankings/2025/MedicalRankingALL.html,"Jabalpur Institute of Nursing Science and Research, Jabalpur|JABALPUR, Madhya Pradesh",,2026-10-01,Not published,Not published,Madhya Pradesh,,78
LNCT University,"Bhopal, Madhya Pradesh",India,NIRF 2025 Medical participant,No published rank or score in the ranked table,https://www.nirfindia.org/Rankings/2025/MedicalRankingALL.html,"LNCT University|Bhopal, Madhya Pradesh",,2026-10-01,Not published,Not published,Madhya Pradesh,,79
"All India Institute of Medical Sciences (AIIMS), Nagpur","Nagpur, Maharashtra",India,NIRF 2025 Medical participant,No published rank or score in the ranked table,https://www.nirfindia.org/Rankings/2025/MedicalRankingALL.html,"All India Institute of Medical Sciences (AIIMS), Nagpur|Nagpur, Maharashtra",,2026-10-01,Not published,Not published,Maharashtra,,80
"Bharati Vidyapeeth (Deemed to be University) Medical College, Pune","Pune, Maharashtra",India,NIRF 2025 Medical participant,No published rank or score in the ranked table,https://www.nirfindia.org/Rankings/2025/MedicalRankingALL.html,"Bharati Vidyapeeth (Deemed to be University) Medical College, Pune|Pune, Maharashtra",,2026-10-01,Not published,Not published,Maharashtra,,81
Regional Institute of Medical Sciences,"Imphal West, Manipur",India,NIRF 2025 Medical participant,No published rank or score in the ranked table,https://www.nirfindia.org/Rankings/2025/MedicalRankingALL.html,"Regional Institute of Medical Sciences|Imphal West, Manipur",,2026-10-01,Not published,Not published,Manipur,,82
SCB Medical College and Hospital,"Cuttack, Odisha",India,NIRF 2025 Medical participant,No published rank or score in the ranked table,https://www.nirfindia.org/Rankings/2025/MedicalRankingALL.html,"SCB Medical College and Hospital|Cuttack, Odisha",,2026-10-01,Not published,Not published,Odisha,,83
Pondicherry Institute of Medical Sciences,"Kalapet Post, Pondicherry",India,NIRF 2025 Medical participant,No published rank or score in the ranked table,https://www.nirfindia.org/Rankings/2025/MedicalRankingALL.html,"Pondicherry Institute of Medical Sciences|Kalapet Post, Pondicherry",,2026-10-01,Not published,Not published,Pondicherry,,84
Sri Manakula Vinayagar Medical College and Hospital,"Puducherry, Pondicherry",India,NIRF 2025 Medical participant,No published rank or score in the ranked table,https://www.nirfindia.org/Rankings/2025/MedicalRankingALL.html,"Sri Manakula Vinayagar Medical College and Hospital|Puducherry, Pondicherry",,2026-10-01,Not published,Not published,Pondicherry,,85
ADESH UNIVERSITY,"Bathinda, Punjab",India,NIRF 2025 Medical participant,No published rank or score in the ranked table,https://www.nirfindia.org/Rankings/2025/MedicalRankingALL.html,"ADESH UNIVERSITY|Bathinda, Punjab",,2026-10-01,Not published,Not published,Punjab,,86
"Government Medical College, Amritsar","Amritsar, Punjab",India,NIRF 2025 Medical participant,No published rank or score in the ranked table,https://www.nirfindia.org/Rankings/2025/MedicalRankingALL.html,"Government Medical College, Amritsar|Amritsar, Punjab",,2026-10-01,Not published,Not published,Punjab,,87
"Dr Sarvepalli Radhakrishnan Rajasthan Ayurved University, Jodhpur","Jodhpur, Rajasthan",India,NIRF 2025 Medical participant,No published rank or score in the ranked table,https://www.nirfindia.org/Rankings/2025/MedicalRankingALL.html,"Dr Sarvepalli Radhakrishnan Rajasthan Ayurved University, Jodhpur|Jodhpur, Rajasthan",,2026-10-01,Not published,Not published,Rajasthan,,88
Dr. S. N. Medical College and Hospital,"Jodhpur, Rajasthan",India,NIRF 2025 Medical participant,No published rank or score in the ranked table,https://www.nirfindia.org/Rankings/2025/MedicalRankingALL.html,"Dr. S. N. Medical College and Hospital|Jodhpur, Rajasthan",,2026-10-01,Not published,Not published,Rajasthan,,89
Sikkim Manipal Institute of Medical Sciences (SMIMS),"Gangtok, Sikkim",India,NIRF 2025 Medical participant,No published rank or score in the ranked table,https://www.nirfindia.org/Rankings/2025/MedicalRankingALL.html,"Sikkim Manipal Institute of Medical Sciences (SMIMS)|Gangtok, Sikkim",,2026-10-01,Not published,Not published,Sikkim,,90
"DHANALAKSHMI SRINIVASAN MEDICAL COLLEGE AND HOSPITAL (Inst. Code - 455), PERAMBALUR","PERAMBALUR, Tamil Nadu",India,NIRF 2025 Medical participant,No published rank or score in the ranked table,https://www.nirfindia.org/Rankings/2025/MedicalRankingALL.html,"DHANALAKSHMI SRINIVASAN MEDICAL COLLEGE AND HOSPITAL (Inst. Code - 455), PERAMBALUR|PERAMBALUR, Tamil Nadu",,2026-10-01,Not published,Not published,Tamil Nadu,,91
Dr. M. G. R. Educational and Research Institute,"Chennai, Tamil Nadu",India,NIRF 2025 Medical participant,No published rank or score in the ranked table,https://www.nirfindia.org/Rankings/2025/MedicalRankingALL.html,"Dr. M. G. R. Educational and Research Institute|Chennai, Tamil Nadu",,2026-10-01,Not published,Not published,Tamil Nadu,,92
Apollo Institute of Medical Sciences and Research - Hyderabad,"Hyderabad, Telangana",India,NIRF 2025 Medical participant,No published rank or score in the ranked table,https://www.nirfindia.org/Rankings/2025/MedicalRankingALL.html,"Apollo Institute of Medical Sciences and Research - Hyderabad|Hyderabad, Telangana",,2026-10-01,Not published,Not published,Telangana,,93
"Chalmeda Ananda Rao Institute of Medical Sciences, Karimnagar","Karimnagar, Telangana",India,NIRF 2025 Medical participant,No published rank or score in the ranked table,https://www.nirfindia.org/Rankings/2025/MedicalRankingALL.html,"Chalmeda Ananda Rao Institute of Medical Sciences, Karimnagar|Karimnagar, Telangana",,2026-10-01,Not published,Not published,Telangana,,94
"All India Institute of Medical Sciences, Raebareli","Raebareli, Uttar Pradesh",India,NIRF 2025 Medical participant,No published rank or score in the ranked table,https://www.nirfindia.org/Rankings/2025/MedicalRankingALL.html,"All India Institute of Medical Sciences, Raebareli|Raebareli, Uttar Pradesh",,2026-10-01,Not published,Not published,Uttar Pradesh,,95
Bareilly International University,"BAREILLY, Uttar Pradesh",India,NIRF 2025 Medical participant,No published rank or score in the ranked table,https://www.nirfindia.org/Rankings/2025/MedicalRankingALL.html,"Bareilly International University|BAREILLY, Uttar Pradesh",,2026-10-01,Not published,Not published,Uttar Pradesh,,96
Shri Guru Ram Rai University,"Dehradun, Uttarakhand",India,NIRF 2025 Medical participant,No published rank or score in the ranked table,https://www.nirfindia.org/Rankings/2025/MedicalRankingALL.html,"Shri Guru Ram Rai University|Dehradun, Uttarakhand",,2026-10-01,Not published,Not published,Uttarakhand,,97
Swami Rama Himalayan University,"Dehradun, Uttarakhand",India,NIRF 2025 Medical participant,No published rank or score in the ranked table,https://www.nirfindia.org/Rankings/2025/MedicalRankingALL.html,"Swami Rama Himalayan University|Dehradun, Uttarakhand",,2026-10-01,Not published,Not published,Uttarakhand,,98
"E S I, Joka","KOLKATA - 700104, West Bengal",India,NIRF 2025 Medical participant,No published rank or score in the ranked table,https://www.nirfindia.org/Rankings/2025/MedicalRankingALL.html,"E S I, Joka|KOLKATA - 700104, West Bengal",,2026-10-01,Not published,Not published,West Bengal,,99
NIL RATAN SIRCAR MEDICAL COLLEGE HOSPITAL KOLKATTA,"Kolkata, West Bengal",India,NIRF 2025 Medical participant,No published rank or score in the ranked table,https://www.nirfindia.org/Rankings/2025/MedicalRankingALL.html,"NIL RATAN SIRCAR MEDICAL COLLEGE HOSPITAL KOLKATTA|Kolkata, West Bengal",,2026-10-01,Not published,Not published,West Bengal,,100
