name,location,country,type,detail,source_url,institution_id,website,checked_at,region,authority,number,province,grades,state,sector
Al-Aqsa Schools Trust,"Leicester, Leicester",England,Other independent school,Ages 3–16; Mixed; No boarders,https://get-information-schools.service.gov.uk/Establishments/Establishment/Details/134809,134809,https://www.alaqsaschool.co.uk,2026-10-01,East Midlands,Leicester,1,,,,
Avicenna School,"Leicester, Leicester",England,Other independent school,Ages 11–16; Mixed; No boarders,https://get-information-schools.service.gov.uk/Establishments/Establishment/Details/152162,152162,,2026-10-01,East Midlands,Leicester,2,,,,
Bosworth Independent School,West Northamptonshire,England,Other independent school,Ages 11–22; Mixed; Boarding school,https://get-information-schools.service.gov.uk/Establishments/Establishment/Details/122149,122149,https://www.bosworthschool.co.uk,2026-10-01,East Midlands,West Northamptonshire,3,,,,
Brooke House College,"Market Harborough, Leicestershire",England,Other independent school,Ages 11–19; Mixed; Boarding school,https://get-information-schools.service.gov.uk/Establishments/Establishment/Details/120341,120341,https://www.brookehousecollege.co.uk,2026-10-01,East Midlands,Leicestershire,4,,,,
Abbey College Cambridge,"Cambridgeshire, Cambridgeshire",England,Other independent school,Ages 12–21; Mixed; Boarding school,https://get-information-schools.service.gov.uk/Establishments/Establishment/Details/136083,136083,https://www.abbeycambridge.co.uk,2026-10-01,East of England,Cambridgeshire,5,,,,
Abbot's Hill School,"Hemel Hempstead, Hertfordshire",England,Other independent school,Ages 0–16; Mixed; No boarders,https://get-information-schools.service.gov.uk/Establishments/Establishment/Details/117600,117600,http://www.abbotshill.herts.sch.uk,2026-10-01,East of England,Hertfordshire,6,,,,
Al Hikmah Boys School,Luton,England,Other independent school,Ages 11–16; Boys; No boarders,https://get-information-schools.service.gov.uk/Establishments/Establishment/Details/147690,147690,https://www.alhikmahschool.com,2026-10-01,East of England,Luton,7,,,,
Aldenham School,"Elstree, Hertfordshire",England,Other independent school,Ages 3–19; Mixed; Boarding school,https://get-information-schools.service.gov.uk/Establishments/Establishment/Details/117602,117602,https://www.aldenham.com,2026-10-01,East of England,Hertfordshire,8,,,,
ACS Hillingdon International School,"Uxbridge, Hillingdon",England,Other independent school,Ages 3–19; Mixed; No boarders,https://get-information-schools.service.gov.uk/Establishments/Establishment/Details/102458,102458,https://www.acs-schools.com/hillingdon,2026-10-01,London,Hillingdon,9,,,,
Al Madina School for Girls,"Barking, Barking and Dagenham",England,Other independent school,Ages 11–16; Girls; No boarders,https://get-information-schools.service.gov.uk/Establishments/Establishment/Details/136746,136746,https://www.asgedu.org.uk,2026-10-01,London,Barking and Dagenham,10,,,,
Al Risalah Boys' School,"London, Wandsworth",England,Other independent school,Ages 11–16; Boys; No boarders,https://get-information-schools.service.gov.uk/Establishments/Establishment/Details/146729,146729,https://alrisalahboysschool.co.uk/indexB_.php,2026-10-01,London,Wandsworth,11,,,,
Al Risalah Secondary School,"London, Wandsworth",England,Other independent school,Ages 11–16; Girls; No boarders,https://get-information-schools.service.gov.uk/Establishments/Establishment/Details/101090,101090,,2026-10-01,London,Wandsworth,12,,,,
Argyle House School,"Sunderland, Sunderland",England,Other independent school,Ages 2–16; Mixed; No boarders,https://get-information-schools.service.gov.uk/Establishments/Establishment/Details/108873,108873,https://www.argylehouseschool.co.uk,2026-10-01,North East,Sunderland,13,,,,
Ateres Girls High School,"Gateshead, Gateshead",England,Other independent school,Ages 11–16; Girls; No boarders,https://get-information-schools.service.gov.uk/Establishments/Establishment/Details/138118,138118,,2026-10-01,North East,Gateshead,14,,,,
Bahr Academy,"Newcastle-upon-Tyne, Newcastle upon Tyne",England,Other independent school,Ages 11–16; Girls; No boarders,https://get-information-schools.service.gov.uk/Establishments/Establishment/Details/136258,136258,https://www.bahracademy.co.uk,2026-10-01,North East,Newcastle upon Tyne,15,,,,
Barnard Castle School,"Barnard Castle, County Durham",England,Other independent school,Ages 4–19; Mixed; Boarding school,https://get-information-schools.service.gov.uk/Establishments/Establishment/Details/114336,114336,https://www.barnardcastleschool.org.uk/,2026-10-01,North East,County Durham,16,,,,
AKS Lytham,"Lytham St Annes, Lancashire",England,Other independent school,Ages 0–19; Mixed; No boarders,https://get-information-schools.service.gov.uk/Establishments/Establishment/Details/119836,119836,http://www.akslytham.com,2026-10-01,North West,Lancashire,17,,,,
Abbey Gate College,"Chester, Cheshire West and Chester",England,Other independent school,Ages 4–18; Mixed; No boarders,https://get-information-schools.service.gov.uk/Establishments/Establishment/Details/111484,111484,https://www.abbeygatecollege.co.uk,2026-10-01,North West,Cheshire West and Chester,18,,,,
Abrar Academy,"Preston, Lancashire",England,Other independent school,Ages 11–21; Boys; Boarding school,https://get-information-schools.service.gov.uk/Establishments/Establishment/Details/135822,135822,,2026-10-01,North West,Lancashire,19,,,,
Afifah School,"Manchester, Trafford",England,Other independent school,Ages 2–16; Mixed; No boarders,https://get-information-schools.service.gov.uk/Establishments/Establishment/Details/134469,134469,https://www.afifahschool.com,2026-10-01,North West,Trafford,20,,,,
ACS Cobham International School,"Cobham, Surrey",England,Other independent school,Ages 2–18; Mixed; Boarding school,https://get-information-schools.service.gov.uk/Establishments/Establishment/Details/125421,125421,https://www.acs-schools.com,2026-10-01,South East,Surrey,21,,,,
ACS Egham International School,"Egham, Surrey",England,Other independent school,Ages 3–18; Mixed; No boarders,https://get-information-schools.service.gov.uk/Establishments/Establishment/Details/131173,131173,https://www.acs-schools.com/egham,2026-10-01,South East,Surrey,22,,,,
Abingdon School,"Abingdon, Oxfordshire",England,Other independent school,Ages 4–19; Mixed; Boarding school,https://get-information-schools.service.gov.uk/Establishments/Establishment/Details/123312,123312,http://www.abingdon.org.uk,2026-10-01,South East,Oxfordshire,23,,,,
Akeley Wood Senior School,Buckinghamshire,England,Other independent school,Ages 11–18; Mixed; No boarders,https://get-information-schools.service.gov.uk/Establishments/Establishment/Details/110536,110536,https://www.akeleywoodschool.co.uk,2026-10-01,South East,Buckinghamshire,24,,,,
Al-Ashraf Secondary School for Girls,"Gloucester, Gloucestershire",England,Other independent school,Ages 11–16; Girls; No boarders,https://get-information-schools.service.gov.uk/Establishments/Establishment/Details/115810,115810,https://secondary.al-ashraf.org.uk/,2026-10-01,South West,Gloucestershire,25,,,,
Badminton School,"Bristol, Bristol, City of",England,Other independent school,Ages 3–19; Girls; Boarding school,https://get-information-schools.service.gov.uk/Establishments/Establishment/Details/109337,109337,https://www.badmintonschool.co.uk,2026-10-01,South West,"Bristol, City of",26,,,,
Blundell's School,"Tiverton, Devon",England,Other independent school,Ages 11–19; Mixed; Boarding school,https://get-information-schools.service.gov.uk/Establishments/Establishment/Details/113575,113575,https://www.blundells.org,2026-10-01,South West,Devon,27,,,,
Bournemouth Collegiate School,"Bournemouth, Bournemouth, Christchurch and Poole",England,Other independent school,Ages 11–19; Mixed; Boarding school,https://get-information-schools.service.gov.uk/Establishments/Establishment/Details/113937,113937,https://www.bournemouthcollegiateschool.co.uk,2026-10-01,South West,"Bournemouth, Christchurch and Poole",28,,,,
Abu Bakr Al-Ihsaan Academy,"Walsall, Walsall",England,Other independent school,Ages 4–16; Mixed; No boarders,https://get-information-schools.service.gov.uk/Establishments/Establishment/Details/132750,132750,https://www.abubakrgirlschool.org,2026-10-01,West Midlands,Walsall,29,,,,
Abu Bakr Boys School,"Walsall, Walsall",England,Other independent school,Ages 11–16; Boys; No boarders,https://get-information-schools.service.gov.uk/Establishments/Establishment/Details/135483,135483,https://Abubakrboyschool.org,2026-10-01,West Midlands,Walsall,30,,,,
Adcote School for Girls,"Shrewsbury, Shropshire",England,Other independent school,Ages 4–18; Girls; Boarding school,https://get-information-schools.service.gov.uk/Establishments/Establishment/Details/123602,123602,http://www.adcoteschool.co.uk,2026-10-01,West Midlands,Shropshire,31,,,,
Al-Burhan Grammar School,"Birmingham, Birmingham",England,Other independent school,Ages 11–16; Girls; No boarders,https://get-information-schools.service.gov.uk/Establishments/Establishment/Details/134034,134034,https://www.alburhan.org.uk,2026-10-01,West Midlands,Birmingham,32,,,,
Ackworth School,"West Yorkshire, Wakefield",England,Other independent school,Ages 2–19; Mixed; Boarding school,https://get-information-schools.service.gov.uk/Establishments/Establishment/Details/108300,108300,https://www.ackworthschool.com,2026-10-01,Yorkshire and the Humber,Wakefield,33,,,,
Al Kauthar Girls Academy,"Leeds, Leeds",England,Other independent school,Ages 11–16; Girls; No boarders,https://get-information-schools.service.gov.uk/Establishments/Establishment/Details/130274,130274,https://www.alkauthar.academy,2026-10-01,Yorkshire and the Humber,Leeds,34,,,,
Al Mumin Primary and Secondary School,"Bradford, Bradford",England,Other independent school,Ages 3–18; Mixed; No boarders,https://get-information-schools.service.gov.uk/Establishments/Establishment/Details/134429,134429,https://www.almumin.bradford.sch.uk,2026-10-01,Yorkshire and the Humber,Bradford,35,,,,
Calgary Academy,"Calgary, Alberta",Canada,CAIS-directory school,Grades: K-12,https://www.cais.ca/page.cfm?p=2502&start=1,page.cfm?p=2502&start=1,http://www.calgaryacademy.com,2026-10-01,,,36,Alberta,K-12,,
Calgary French & International School,"Calgary, Alberta profile | website",Canada,CAIS-directory school,Grades: ,https://www.cais.ca/page.cfm?p=1406&start=1,page.cfm?p=1406&start=1,http://www.cfis.com/,2026-10-01,,,37,Alberta,,,
Lycée international de Calgary,"Calgary, Alberta",Canada,CAIS-directory school,Grades: Preschool to Grade 12,https://www.cais.ca/page.cfm?p=347&start=1,page.cfm?p=347&start=1,http://www.lycee.ca,2026-10-01,,,38,Alberta,Preschool to Grade 12,,
River Valley School,"Calgary, Alberta",Canada,CAIS-directory school,Grades: pre-Junior Kindergarten - Grade 6,https://www.cais.ca/page.cfm?p=2488&start=1,page.cfm?p=2488&start=1,http://https://rivervalleyschool.ca,2026-10-01,,,39,Alberta,pre-Junior Kindergarten - Grade 6,,
Rundle College,"Calgary, Alberta",Canada,CAIS-directory school,Grades: K-12,https://www.cais.ca/page.cfm?p=362&start=1,page.cfm?p=362&start=1,http://www.rundle.ab.ca,2026-10-01,,,40,Alberta,K-12,,
Strathcona-Tweedsmuir School,"Foothills, Alberta",Canada,CAIS-directory school,Grades: K-12,https://www.cais.ca/page.cfm?p=383&start=1,page.cfm?p=383&start=1,http://www.strathconatweedsmuir.com,2026-10-01,,,41,Alberta,K-12,,
West Island College,"Calgary, Alberta",Canada,CAIS-directory school,Grades: 7-12,https://www.cais.ca/page.cfm?p=400&start=1,page.cfm?p=400&start=1,http://www.westislandcollege.ab.ca,2026-10-01,,,42,Alberta,7-12,,
Aberdeen Hall Preparatory School,"Kelowna, British Columbia",Canada,CAIS-directory school,Grades: Pre-K to Grade 12,https://www.cais.ca/page.cfm?p=2424&start=1,page.cfm?p=2424&start=1,http://www.aberdeenhall.com,2026-10-01,,,43,British Columbia,Pre-K to Grade 12,,
Aspengrove School,"Nanaimo, British Columbia",Canada,CAIS-directory school,Grades: JrK3-Grade 12,https://www.cais.ca/page.cfm?p=1988&start=1,page.cfm?p=1988&start=1,http://www.aspengroveschool.ca,2026-10-01,,,44,British Columbia,JrK3-Grade 12,,
Brentwood College School,"Mill Bay, British Columbia",Canada,CAIS-directory school,Grades: 9-12,https://www.cais.ca/page.cfm?p=321&start=1,page.cfm?p=321&start=1,http://www.brentwood.ca,2026-10-01,,,45,British Columbia,9-12,,
Brockton School,"North Vancouver, British Columbia",Canada,CAIS-directory school,Grades: JK-12,https://www.cais.ca/page.cfm?p=2466&start=1,page.cfm?p=2466&start=1,http://brocktonschool.com,2026-10-01,,,46,British Columbia,JK-12,,
Collingwood School,"West Vancouver, British Columbia",Canada,CAIS-directory school,Grades: JK-12,https://www.cais.ca/page.cfm?p=323&start=1,page.cfm?p=323&start=1,http://www.collingwood.org,2026-10-01,,,47,British Columbia,JK-12,,
Crofton House School,"Vancouver, British Columbia",Canada,CAIS-directory school,Grades: JK-12,https://www.cais.ca/page.cfm?p=326&start=1,page.cfm?p=326&start=1,http://www.croftonhouse.ca,2026-10-01,,,48,British Columbia,JK-12,,
Balmoral Hall School,"Winnipeg, Manitoba",Canada,CAIS-directory school,Grades: 2 year-old Childcare to grade 12,https://www.cais.ca/page.cfm?p=316&start=1,page.cfm?p=316&start=1,http://www.balmoralhall.com,2026-10-01,,,49,Manitoba,2 year-old Childcare to grade 12,,
Gray Academy of Jewish Education,"Winnipeg, Manitoba",Canada,CAIS-directory school,Grades: JK-12,https://www.cais.ca/page.cfm?p=330&start=1,page.cfm?p=330&start=1,http://www.grayacademy.ca,2026-10-01,,,50,Manitoba,JK-12,,
St. John's-Ravenscourt School,"Winnipeg, Manitoba",Canada,CAIS-directory school,Grades: K-12,https://www.cais.ca/page.cfm?p=377&start=1,page.cfm?p=377&start=1,http://www.sjr.mb.ca,2026-10-01,,,51,Manitoba,K-12,,
Rothesay Netherwood School,"Rothesay, New Brunswick",Canada,CAIS-directory school,Grades: 6-12,https://www.cais.ca/page.cfm?p=360&start=1,page.cfm?p=360&start=1,http://www.rns.cc,2026-10-01,,,52,New Brunswick,6-12,,
Lakecrest Independent School,"St. John's, Newfoundland",Canada,CAIS-directory school,Grades: K-9,https://www.cais.ca/page.cfm?p=344&start=1,page.cfm?p=344&start=1,http://www.lakecrest.ca,2026-10-01,,,53,Newfoundland,K-9,,
Armbrae Academy,"Halifax, Nova Scotia",Canada,CAIS-directory school,Grades: Preschool & Pre-Primary-Grade 12,https://www.cais.ca/page.cfm?p=312&start=1,page.cfm?p=312&start=1,http://www.armbrae.ns.ca,2026-10-01,,,54,Nova Scotia,Preschool & Pre-Primary-Grade 12,,
Halifax Grammar School,"Halifax, Nova Scotia",Canada,CAIS-directory school,Grades: JK-12,https://www.cais.ca/page.cfm?p=332&start=1,page.cfm?p=332&start=1,http://halifaxgrammar.com,2026-10-01,,,55,Nova Scotia,JK-12,,
King's-Edgehill School,"Windsor, Nova Scotia",Canada,CAIS-directory school,Grades: 6-12,https://www.cais.ca/page.cfm?p=342&start=1,page.cfm?p=342&start=1,http://www.kes.ns.ca,2026-10-01,,,56,Nova Scotia,6-12,,
Sacred Heart School of Halifax,"Halifax, Nova Scotia",Canada,CAIS-directory school,Grades: Jr. Primary - Grade 12,https://www.cais.ca/page.cfm?p=363&start=1,page.cfm?p=363&start=1,http://www.shsh.ca,2026-10-01,,,57,Nova Scotia,Jr. Primary - Grade 12,,
Albert College,"Belleville, Ontario",Canada,CAIS-directory school,Grades: Pre-Kindergarten to Grade 12,https://www.cais.ca/page.cfm?p=310&start=1,page.cfm?p=310&start=1,http://www.albertcollege.ca,2026-10-01,,,58,Ontario,Pre-Kindergarten to Grade 12,,
Appleby College,"Oakville, Ontario",Canada,CAIS-directory school,Grades: 7-12,https://www.cais.ca/page.cfm?p=311&start=1,page.cfm?p=311&start=1,http://www.appleby.on.ca,2026-10-01,,,59,Ontario,7-12,,
Ashbury College,"Ottawa, Ontario",Canada,CAIS-directory school,Grades: 3 to 12,https://www.cais.ca/page.cfm?p=313&start=1,page.cfm?p=313&start=1,http://ashbury.ca,2026-10-01,,,60,Ontario,3 to 12,,
Bannockburn Independent School,"Toronto, Ontario",Canada,CAIS-directory school,Grades: Toddler-Grade 6,https://www.cais.ca/page.cfm?p=317&start=1,page.cfm?p=317&start=1,http://www.bannockburn.ca,2026-10-01,,,61,Ontario,Toddler-Grade 6,,
Bayview Glen Independent School,"Toronto, Ontario",Canada,CAIS-directory school,Grades: Preschool (age 2) - Grade 12,https://www.cais.ca/page.cfm?p=318&start=1,page.cfm?p=318&start=1,http://bayviewglen.ca,2026-10-01,,,62,Ontario,Preschool (age 2) - Grade 12,,
Branksome Hall,"Toronto, Ontario",Canada,CAIS-directory school,Grades: JK-12,https://www.cais.ca/page.cfm?p=320&start=1,page.cfm?p=320&start=1,http://www.branksome.on.ca,2026-10-01,,,63,Ontario,JK-12,,
Academie Solomon Schechter Academy,"Montreal, Quebec",Canada,CAIS-directory school,Grades: Junior PreK-6,https://www.cais.ca/page.cfm?p=368&start=1,page.cfm?p=368&start=1,http://www.ssamontreal.org,2026-10-01,,,64,Quebec,Junior PreK-6,,
Bishop's College School,"Sherbrooke, Quebec",Canada,CAIS-directory school,Grades: 7-12,https://www.cais.ca/page.cfm?p=319&start=1,page.cfm?p=319&start=1,http://www.bishopscollegeschool.com,2026-10-01,,,65,Quebec,7-12,,
Lower Canada College,"Montreal, Quebec",Canada,CAIS-directory school,Grades: K-12,https://www.cais.ca/page.cfm?p=346&start=1,page.cfm?p=346&start=1,http://www.lcc.ca,2026-10-01,,,66,Quebec,K-12,,
Miss Edgar's & Miss Cramp's School,"Westmount, Quebec",Canada,CAIS-directory school,Grades: K-11,https://www.cais.ca/page.cfm?p=351&start=1,page.cfm?p=351&start=1,http://www.ecs.qc.ca,2026-10-01,,,67,Quebec,K-11,,
Selwyn House School,"Westmount, Quebec",Canada,CAIS-directory school,Grades: K-12,https://www.cais.ca/page.cfm?p=366&start=1,page.cfm?p=366&start=1,http://www.selwyn.ca,2026-10-01,,,68,Quebec,K-12,,
St. George's School of Montreal,"Montreal, Quebec",Canada,CAIS-directory school,Grades: K-12,https://www.cais.ca/page.cfm?p=374&start=1,page.cfm?p=374&start=1,http://www.stgeorges.qc.ca,2026-10-01,,,69,Quebec,K-12,,
Athol Murray College of Notre Dame,"Wilcox, Saskatchewan",Canada,CAIS-directory school,Grades: 9-12,https://www.cais.ca/page.cfm?p=315&start=1,page.cfm?p=315&start=1,http://www.notredame.ca,2026-10-01,,,70,Saskatchewan,9-12,,
Sophia Mundi Steiner School,"ABBOTSFORD, VIC",Australia,Independent Pri/Sec,Open school; Victorian government directory,https://www.education.vic.gov.au/Documents/about/research/datavic/dv402-SchoolLocations2025.csv,1905,,2026-10-01,,,71,,,Victoria,Independent
Ave Maria College,"ABERFELDIE, VIC",Australia,Catholic Secondary,Open school; Victorian government directory,https://www.education.vic.gov.au/Documents/about/research/datavic/dv402-SchoolLocations2025.csv,1625,,2026-10-01,,,72,,,Victoria,Catholic
Alphington Grammar School,"ALPHINGTON, VIC",Australia,Independent Pri/Sec,Open school; Victorian government directory,https://www.education.vic.gov.au/Documents/about/research/datavic/dv402-SchoolLocations2025.csv,1924,,2026-10-01,,,73,,,Victoria,Independent
Emmanuel College,"ALTONA NORTH, VIC",Australia,Catholic Secondary,Open school; Victorian government directory,https://www.education.vic.gov.au/Documents/about/research/datavic/dv402-SchoolLocations2025.csv,1654,,2026-10-01,,,74,,,Victoria,Catholic
Mount St Joseph Girls' College,"ALTONA, VIC",Australia,Catholic Secondary,Open school; Victorian government directory,https://www.education.vic.gov.au/Documents/about/research/datavic/dv402-SchoolLocations2025.csv,1635,,2026-10-01,,,75,,,Victoria,Catholic
Marian College,"ARARAT, VIC",Australia,Catholic Secondary,Open school; Victorian government directory,https://www.education.vic.gov.au/Documents/about/research/datavic/dv402-SchoolLocations2025.csv,411,,2026-10-01,,,76,,,Victoria,Catholic
Lauriston Girls' School,"ARMADALE, VIC",Australia,Independent Pri/Sec,Open school; Victorian government directory,https://www.education.vic.gov.au/Documents/about/research/datavic/dv402-SchoolLocations2025.csv,391,,2026-10-01,,,77,,,Victoria,Independent
Geelong Lutheran College,"ARMSTRONG CREEK, VIC",Australia,Independent Pri/Sec,Open school; Victorian government directory,https://www.education.vic.gov.au/Documents/about/research/datavic/dv402-SchoolLocations2025.csv,2056,,2026-10-01,,,78,,,Victoria,Independent
Bacchus Marsh Grammar,"BACCHUS MARSH, VIC",Australia,Independent Pri/Sec,Open school; Victorian government directory,https://www.education.vic.gov.au/Documents/about/research/datavic/dv402-SchoolLocations2025.csv,1919,,2026-10-01,,,79,,,Victoria,Independent
Bairnsdale Christian College,"BAIRNSDALE, VIC",Australia,Independent Pri/Sec,Open school; Victorian government directory,https://www.education.vic.gov.au/Documents/about/research/datavic/dv402-SchoolLocations2025.csv,1969,,2026-10-01,,,80,,,Victoria,Independent
Ballarat Clarendon College,"BALLARAT, VIC",Australia,Independent Pri/Sec,Open school; Victorian government directory,https://www.education.vic.gov.au/Documents/about/research/datavic/dv402-SchoolLocations2025.csv,278,,2026-10-01,,,81,,,Victoria,Independent
Fintona Girls' School,"BALWYN, VIC",Australia,Independent Pri/Sec,Open school; Victorian government directory,https://www.education.vic.gov.au/Documents/about/research/datavic/dv402-SchoolLocations2025.csv,385,,2026-10-01,,,82,,,Victoria,Independent
Cornish College,"BANGHOLME, VIC",Australia,Independent Pri/Sec,Open school; Victorian government directory,https://www.education.vic.gov.au/Documents/about/research/datavic/dv402-SchoolLocations2025.csv,2076,,2026-10-01,,,83,,,Victoria,Independent
St Francis Xavier College,"BEACONSFIELD, VIC",Australia,Catholic Secondary,Open school; Victorian government directory,https://www.education.vic.gov.au/Documents/about/research/datavic/dv402-SchoolLocations2025.csv,1766,,2026-10-01,,,84,,,Victoria,Catholic
Belgrave Heights Christian School,"BELGRAVE HEIGHTS, VIC",Australia,Independent Pri/Sec,Open school; Victorian government directory,https://www.education.vic.gov.au/Documents/about/research/datavic/dv402-SchoolLocations2025.csv,1864,,2026-10-01,,,85,,,Victoria,Independent
Mater Christi College,"BELGRAVE, VIC",Australia,Catholic Secondary,Open school; Victorian government directory,https://www.education.vic.gov.au/Documents/about/research/datavic/dv402-SchoolLocations2025.csv,1644,,2026-10-01,,,86,,,Victoria,Catholic
Covenant College,"BELL POST HILL, VIC",Australia,Independent Pri/Sec,Open school; Victorian government directory,https://www.education.vic.gov.au/Documents/about/research/datavic/dv402-SchoolLocations2025.csv,1794,,2026-10-01,,,87,,,Victoria,Independent
Australian Christian College Victoria,"BENALLA, VIC",Australia,Independent Pri/Sec,Open school; Victorian government directory,https://www.education.vic.gov.au/Documents/about/research/datavic/dv402-SchoolLocations2025.csv,2086,,2026-10-01,,,88,,,Victoria,Independent
Catherine McAuley College,"BENDIGO, VIC",Australia,Catholic Secondary,Open school; Victorian government directory,https://www.education.vic.gov.au/Documents/about/research/datavic/dv402-SchoolLocations2025.csv,130,,2026-10-01,,,89,,,Victoria,Catholic
Our Lady of the Sacred Heart College,"BENTLEIGH, VIC",Australia,Catholic Secondary,Open school; Victorian government directory,https://www.education.vic.gov.au/Documents/about/research/datavic/dv402-SchoolLocations2025.csv,1481,,2026-10-01,,,90,,,Victoria,Catholic
St Margaret’s Berwick Grammar,"BERWICK, VIC",Australia,Independent Pri/Sec,Open school; Victorian government directory,https://www.education.vic.gov.au/Documents/about/research/datavic/dv402-SchoolLocations2025.csv,1316,,2026-10-01,,,91,,,Victoria,Independent
Urban College,"BORONIA, VIC",Australia,Independent Secondary,Open school; Victorian government directory,https://www.education.vic.gov.au/Documents/about/research/datavic/dv402-SchoolLocations2025.csv,2247,,2026-10-01,,,92,,,Victoria,Independent
Kingswood College,"BOX HILL, VIC",Australia,Independent Pri/Sec,Open school; Victorian government directory,https://www.education.vic.gov.au/Documents/about/research/datavic/dv402-SchoolLocations2025.csv,1304,,2026-10-01,,,93,,,Victoria,Independent
Caroline Chisholm Catholic College,"BRAYBROOK, VIC",Australia,Catholic Secondary,Open school; Victorian government directory,https://www.education.vic.gov.au/Documents/about/research/datavic/dv402-SchoolLocations2025.csv,1801,,2026-10-01,,,94,,,Victoria,Catholic
St Leonard's College,"BRIGHTON EAST, VIC",Australia,Independent Pri/Sec,Open school; Victorian government directory,https://www.education.vic.gov.au/Documents/about/research/datavic/dv402-SchoolLocations2025.csv,1025,,2026-10-01,,,95,,,Victoria,Independent
Brighton Grammar School,"BRIGHTON, VIC",Australia,Independent Pri/Sec,Open school; Victorian government directory,https://www.education.vic.gov.au/Documents/about/research/datavic/dv402-SchoolLocations2025.csv,1262,,2026-10-01,,,96,,,Victoria,Independent
Ilim College,"BROADMEADOWS, VIC",Australia,Independent Pri/Sec,Open school; Victorian government directory,https://www.education.vic.gov.au/Documents/about/research/datavic/dv402-SchoolLocations2025.csv,1947,,2026-10-01,,,97,,,Victoria,Independent
Melton Christian College,"BROOKFIELD, VIC",Australia,Independent Pri/Sec,Open school; Victorian government directory,https://www.education.vic.gov.au/Documents/about/research/datavic/dv402-SchoolLocations2025.csv,1894,,2026-10-01,,,98,,,Victoria,Independent
Marcellin College,"BULLEEN, VIC",Australia,Catholic Secondary,Open school; Victorian government directory,https://www.education.vic.gov.au/Documents/about/research/datavic/dv402-SchoolLocations2025.csv,1495,,2026-10-01,,,99,,,Victoria,Catholic
Northside Christian College,"BUNDOORA, VIC",Australia,Independent Pri/Sec,Open school; Victorian government directory,https://www.education.vic.gov.au/Documents/about/research/datavic/dv402-SchoolLocations2025.csv,1787,,2026-10-01,,,100,,,Victoria,Independent
