name,location,country,type,detail,source_url,institution_id,website,checked_at,state,number
ABANTI KUMAR MAHANTA EDUCATIONAL INSTITUTION,ASSAM / KARIMGANJ,India,CBSE senior-secondary school,Affiliation 230117; directory status Senior Secondary,https://saras.cbse.gov.in/SARAS/AffiliatedList/AfflicationDetails/230117,230117,https://www.akmeischool.com,2026-10-01,Assam,1
ADARSH VIDYALAYA,ASSAM / HAILAKANDI,India,CBSE senior-secondary school,Affiliation 220003; directory status Senior Secondary,https://saras.cbse.gov.in/SARAS/AffiliatedList/AfflicationDetails/220003,220003,https://www.avs.assam.gov.in/schools/adarsha-vidyalaya-aloicherra,2026-10-01,Assam,2
ADARSH VIDYALAYA,ASSAM / GOALPARA,India,CBSE senior-secondary school,Affiliation 220004; directory status Senior Secondary,https://saras.cbse.gov.in/SARAS/AffiliatedList/AfflicationDetails/220004,220004,https://www.avmgoalpara.in,2026-10-01,Assam,3
ADARSH VIDYALAYA,ASSAM / BARPETA,India,CBSE senior-secondary school,Affiliation 220005; directory status Senior Secondary,https://saras.cbse.gov.in/SARAS/AffiliatedList/AfflicationDetails/220005,220005,https://www.avmandia.org,2026-10-01,Assam,4
ADARSH VIDYALAYA,ASSAM / BARPETA,India,CBSE senior-secondary school,Affiliation 220014; directory status Senior Secondary,https://saras.cbse.gov.in/SARAS/AffiliatedList/AfflicationDetails/220014,220014,https://www.avpb.in,2026-10-01,Assam,5
ADARSH VIDYALAYA,ASSAM / MARIGAON,India,CBSE senior-secondary school,Affiliation 220015; directory status Senior Secondary,https://saras.cbse.gov.in/SARAS/AffiliatedList/AfflicationDetails/220015,220015,https://http:avmoirabari.in,2026-10-01,Assam,6
ADARSH VIDYALAYA DAHALAPARA,ASSAM / BARPETA,India,CBSE senior-secondary school,Affiliation 220002; directory status Senior Secondary,https://saras.cbse.gov.in/SARAS/AffiliatedList/AfflicationDetails/220002,220002,https://avrupsi.godaddysites.com,2026-10-01,Assam,7
ADARSH VIDYALAYA DALIMBARI,ASSAM / KARBI ANGLONG,India,CBSE senior-secondary school,Affiliation 220006; directory status Senior Secondary,https://saras.cbse.gov.in/SARAS/AffiliatedList/AfflicationDetails/220006,220006,https://adarshavidyalayadalimbari.in/,2026-10-01,Assam,8
"ADARSH VIDYALAYA,",ASSAM / NAGAON,India,CBSE senior-secondary school,Affiliation 220007; directory status Senior Secondary,https://saras.cbse.gov.in/SARAS/AffiliatedList/AfflicationDetails/220007,220007,https://www.avbatadrava.in,2026-10-01,Assam,9
"ADARSH VIDYALAYA,",ASSAM / SIVASAGAR,India,CBSE senior-secondary school,Affiliation 220009; directory status Senior Secondary,https://saras.cbse.gov.in/SARAS/AffiliatedList/AfflicationDetails/220009,220009,https://www.avrangapather.in,2026-10-01,Assam,10
A R S D SR SEC SCHOOL,DELHI / CENTRAL DELHI,India,CBSE senior-secondary school,Affiliation 2778036; directory status Senior Secondary,https://saras.cbse.gov.in/SARAS/AffiliatedList/AfflicationDetails/2778036,2778036,https://www.arsdschool.in,2026-10-01,Delhi,11
A S N SR SEC SCHOOL,DELHI / EAST DELHI,India,CBSE senior-secondary school,Affiliation 2730203; directory status Senior Secondary,https://saras.cbse.gov.in/SARAS/AffiliatedList/AfflicationDetails/2730203,2730203,https://www.asnschool.org,2026-10-01,Delhi,12
A S V J SR SEC SCHOOL,DELHI / NEW DELHI,India,CBSE senior-secondary school,Affiliation 2778041; directory status Senior Secondary,https://saras.cbse.gov.in/SARAS/AffiliatedList/AfflicationDetails/2778041,2778041,https://www.asvjschool.org,2026-10-01,Delhi,13
AADHARSHILA VIDYAPEETH,DELHI / NORTH WEST DELHI,India,CBSE senior-secondary school,Affiliation 2730494; directory status Senior Secondary,https://saras.cbse.gov.in/SARAS/AffiliatedList/AfflicationDetails/2730494,2730494,https://www.aadharshilavidyapeeth.org,2026-10-01,Delhi,14
AAKASH PUBLIC SCHOOL,DELHI / SOUTH WEST DELHI,India,CBSE senior-secondary school,Affiliation 2730733; directory status Senior Secondary,https://saras.cbse.gov.in/SARAS/AffiliatedList/AfflicationDetails/2730733,2730733,https://www.aakashpublic.in,2026-10-01,Delhi,15
AARYAN INTERNATIONAL SCHOOL,DELHI / WEST DELHI,India,CBSE senior-secondary school,Affiliation 2730641; directory status Senior Secondary,https://saras.cbse.gov.in/SARAS/AffiliatedList/AfflicationDetails/2730641,2730641,https://www.aisdelhi.edu.in,2026-10-01,Delhi,16
ABHINAV GLOBAL SCHOOL,DELHI / SOUTH WEST DELHI,India,CBSE senior-secondary school,Affiliation 2730805; directory status Senior Secondary,https://saras.cbse.gov.in/SARAS/AffiliatedList/AfflicationDetails/2730805,2730805,https://www.agsdwarka.com,2026-10-01,Delhi,17
ABHINAV PUBLIC SCHOOL,DELHI / NORTH WEST DELHI,India,CBSE senior-secondary school,Affiliation 2730442; directory status Senior Secondary,https://saras.cbse.gov.in/SARAS/AffiliatedList/AfflicationDetails/2730442,2730442,https://www.abhinavpublicschool.com,2026-10-01,Delhi,18
ACADEMIC HEIGHTS WORLD SCHOOL,DELHI / NORTH WEST DELHI,India,CBSE senior-secondary school,Affiliation 2730105; directory status Senior Secondary,https://saras.cbse.gov.in/SARAS/AffiliatedList/AfflicationDetails/2730105,2730105,https://ahws.edu.in/,2026-10-01,Delhi,19
ACHARYA TULSI GOVT.SARVODAYA BOYS SR,DELHI / NEW DELHI,India,CBSE senior-secondary school,Affiliation 2754041; directory status Senior Secondary,https://saras.cbse.gov.in/SARAS/AffiliatedList/AfflicationDetails/2754041,2754041,https://www.edudel.nic.in,2026-10-01,Delhi,20
754 - PM SHRI SAHEED SHRI RAGHURAJ SINGH GOVERNMENT SENIOR SECONDARY SCHOOL DAUL,HARYANA / GURUGRAM,India,CBSE senior-secondary school,Affiliation 520389; directory status Senior Secondary,https://saras.cbse.gov.in/SARAS/AffiliatedList/AfflicationDetails/520389,520389,https://www.pmshrigsssdaulah.com/,2026-10-01,Haryana,21
A K DAV PUBLIC SCHOOL,HARYANA / KURUKSHETRA,India,CBSE senior-secondary school,Affiliation 530382; directory status Senior Secondary,https://saras.cbse.gov.in/SARAS/AffiliatedList/AfflicationDetails/530382,530382,https://www.akdav.in,2026-10-01,Haryana,22
A P SENIOR SECONDARY SCHOOL,HARYANA / FARIDABAD,India,CBSE senior-secondary school,Affiliation 531498; directory status Senior Secondary,https://saras.cbse.gov.in/SARAS/AffiliatedList/AfflicationDetails/531498,531498,https://www.apssschool.co.in,2026-10-01,Haryana,23
A V INTERNATIONAL PUBLIC SCHOOL,HARYANA / SIRSA,India,CBSE senior-secondary school,Affiliation 530476; directory status Senior Secondary,https://saras.cbse.gov.in/SARAS/AffiliatedList/AfflicationDetails/530476,530476,http://avinternationalpublicschoolsirsa.com/,2026-10-01,Haryana,24
A. P.GARG PUBLIC SCHOOL,HARYANA / SONIPAT,India,CBSE senior-secondary school,Affiliation 530375; directory status Senior Secondary,https://saras.cbse.gov.in/SARAS/AffiliatedList/AfflicationDetails/530375,530375,https://www.apgpublicschool.com,2026-10-01,Haryana,25
A. V. VIDYAMANDIR,HARYANA / KAITHAL,India,CBSE senior-secondary school,Affiliation 531135; directory status Senior Secondary,https://saras.cbse.gov.in/SARAS/AffiliatedList/AfflicationDetails/531135,531135,https://www.avvidyamandir.com,2026-10-01,Haryana,26
A. XAVIER'S INTERNATIONAL SCHOOL,HARYANA / KAITHAL,India,CBSE senior-secondary school,Affiliation 531002; directory status Senior Secondary,https://saras.cbse.gov.in/SARAS/AffiliatedList/AfflicationDetails/531002,531002,https://www.axaviers.com,2026-10-01,Haryana,27
A.B.M PUBLIC SCHOOL,HARYANA / FARIDABAD,India,CBSE senior-secondary school,Affiliation 530832; directory status Senior Secondary,https://saras.cbse.gov.in/SARAS/AffiliatedList/AfflicationDetails/530832,530832,https://www.abmpublicschool.com,2026-10-01,Haryana,28
A.D. SENIOR SECONDARY SCHOOL,HARYANA / FARIDABAD,India,CBSE senior-secondary school,Affiliation 530816; directory status Senior Secondary,https://saras.cbse.gov.in/SARAS/AffiliatedList/AfflicationDetails/530816,530816,https://www.adsss.co.in,2026-10-01,Haryana,29
AADHAR INTERNATIONAL PUBLIC SCHOOL,HARYANA / JHAJJAR,India,CBSE senior-secondary school,Affiliation 531295; directory status Senior Secondary,https://saras.cbse.gov.in/SARAS/AffiliatedList/AfflicationDetails/531295,531295,https://www.aipsmajra.com,2026-10-01,Haryana,30
AARYANS PUBLIC SCHOOL,KARNATAKA / DHARWAD,India,CBSE senior-secondary school,Affiliation 831327; directory status Senior Secondary,https://saras.cbse.gov.in/SARAS/AffiliatedList/AfflicationDetails/831327,831327,https://www.aaryanspublicschool.com,2026-10-01,Karnataka,31
AECS MAGNOLIA MAARUTI PUBLIC SCHOOL,KARNATAKA / BENGALURU URBAN,India,CBSE senior-secondary school,Affiliation 830230; directory status Senior Secondary,https://saras.cbse.gov.in/SARAS/AffiliatedList/AfflicationDetails/830230,830230,https://www.aecsmmps.edu.in,2026-10-01,Karnataka,32
AGRAGAMI VIDYA KENDRA,KARNATAKA / BENGALURU URBAN,India,CBSE senior-secondary school,Affiliation 830199; directory status Senior Secondary,https://saras.cbse.gov.in/SARAS/AffiliatedList/AfflicationDetails/830199,830199,https://.agragamividyakendra.com/,2026-10-01,Karnataka,33
AIR FORCE SCHOOL,KARNATAKA / BENGALURU URBAN,India,CBSE senior-secondary school,Affiliation 830021; directory status Senior Secondary,https://saras.cbse.gov.in/SARAS/AffiliatedList/AfflicationDetails/830021,830021,https://www.afshebbal.ac.in,2026-10-01,Karnataka,34
AIR FORCE SCHOOL,KARNATAKA / BENGALURU URBAN,India,CBSE senior-secondary school,Affiliation 830022; directory status Senior Secondary,https://saras.cbse.gov.in/SARAS/AffiliatedList/AfflicationDetails/830022,830022,https://www.afsjal.org,2026-10-01,Karnataka,35
AIR FORCE SCHOOL,KARNATAKA / BIDAR,India,CBSE senior-secondary school,Affiliation 880008; directory status Senior Secondary,https://saras.cbse.gov.in/SARAS/AffiliatedList/AfflicationDetails/880008,880008,https://www.afschoolbidar.edu.in,2026-10-01,Karnataka,36
AIR FORCE SCHOOL,KARNATAKA / BENGALURU URBAN,India,CBSE senior-secondary school,Affiliation 880009; directory status Senior Secondary,https://saras.cbse.gov.in/SARAS/AffiliatedList/AfflicationDetails/880009,880009,https://afsaste.edu.in/about.html,2026-10-01,Karnataka,37
AIR FORCE SCHOOL,KARNATAKA / BENGALURU URBAN,India,CBSE senior-secondary school,Affiliation 880010; directory status Senior Secondary,https://saras.cbse.gov.in/SARAS/AffiliatedList/AfflicationDetails/880010,880010,https://airforceschoolyel.net,2026-10-01,Karnataka,38
AIRAA ACADEMY,KARNATAKA / BENGALURU URBAN,India,CBSE senior-secondary school,Affiliation 831113; directory status Senior Secondary,https://saras.cbse.gov.in/SARAS/AffiliatedList/AfflicationDetails/831113,831113,https://www.airaa.com,2026-10-01,Karnataka,39
AKASH INTERNATIONAL RESIDENTIAL PUBLIC SCHOOL,KARNATAKA / BENGALURU URBAN,India,CBSE senior-secondary school,Affiliation 830419; directory status Senior Secondary,https://saras.cbse.gov.in/SARAS/AffiliatedList/AfflicationDetails/830419,830419,https://www.akashinternationalschool.com,2026-10-01,Karnataka,40
A.D.MANE INTERNATIONAL ACADEMY,MAHARASHTRA / KOLHAPUR,India,CBSE senior-secondary school,Affiliation 1131238; directory status Senior Secondary,https://saras.cbse.gov.in/SARAS/AffiliatedList/AfflicationDetails/1131238,1131238,https://www.admiakagal.edu.in,2026-10-01,Maharashtra,41
A.S.MS EMPROS INTERNATIONAL SCHOOL,MAHARASHTRA / PUNE,India,CBSE senior-secondary school,Affiliation 1130983; directory status Senior Secondary,https://saras.cbse.gov.in/SARAS/AffiliatedList/AfflicationDetails/1130983,1130983,http://www.asmempros.com,2026-10-01,Maharashtra,42
"A.S.MS EMPROS INTERNATIONAL SCHOOL, CHINCHWAD",MAHARASHTRA / PUNE,India,CBSE senior-secondary school,Affiliation 1130984; directory status Senior Secondary,https://saras.cbse.gov.in/SARAS/AffiliatedList/AfflicationDetails/1130984,1130984,https://www.asmempros.com,2026-10-01,Maharashtra,43
"AB INTERNATIONAL PRIMARY, SECONDARY,AND HIGHER SECONDARY ENGLISH SCHOOL",MAHARASHTRA / CHHATRAPATI SAMBHAJINAGAR,India,CBSE senior-secondary school,Affiliation 1130912; directory status Senior Secondary,https://saras.cbse.gov.in/SARAS/AffiliatedList/AfflicationDetails/1130912,1130912,https://www.abinternationalschools.in,2026-10-01,Maharashtra,44
"ABHINAV EDUCATION SOCIETYS VASUNDHARA ACADEMY, AKOLE",MAHARASHTRA / AHILYANAGAR,India,CBSE senior-secondary school,Affiliation 1130637; directory status Senior Secondary,https://saras.cbse.gov.in/SARAS/AffiliatedList/AfflicationDetails/1130637,1130637,https://vasundharaacademy.school.in,2026-10-01,Maharashtra,45
ABHINAV ENGLISH SCHOOL,MAHARASHTRA / PUNE,India,CBSE senior-secondary school,Affiliation 1130340; directory status Senior Secondary,https://saras.cbse.gov.in/SARAS/AffiliatedList/AfflicationDetails/1130340,1130340,https://www.abhinavcbse.org,2026-10-01,Maharashtra,46
ABHINAV PUBLIC SCHOOL,MAHARASHTRA / PUNE,India,CBSE senior-secondary school,Affiliation 1130932; directory status Senior Secondary,https://saras.cbse.gov.in/SARAS/AffiliatedList/AfflicationDetails/1130932,1130932,https://www.abhinavcbseschool.com,2026-10-01,Maharashtra,47
ABHYASA ENGLISH SCHOOL,MAHARASHTRA / AMRAVATI,India,CBSE senior-secondary school,Affiliation 1130487; directory status Senior Secondary,https://saras.cbse.gov.in/SARAS/AffiliatedList/AfflicationDetails/1130487,1130487,https://www.abhyasa.ac.in,2026-10-01,Maharashtra,48
ACADEMIC HEIGHTS PUBLIC SCHOOL,MAHARASHTRA / SATARA,India,CBSE senior-secondary school,Affiliation 1130852; directory status Senior Secondary,https://saras.cbse.gov.in/SARAS/AffiliatedList/AfflicationDetails/1130852,1130852,https://www.karad@academicheights.in,2026-10-01,Maharashtra,49
ACADEMIC HIGH & JUNIOR COLLEGE,MAHARASHTRA / SANGLI,India,CBSE senior-secondary school,Affiliation 1131003; directory status Senior Secondary,https://saras.cbse.gov.in/SARAS/AffiliatedList/AfflicationDetails/1131003,1131003,https://www.ahjc.in,2026-10-01,Maharashtra,50
A P J PUBLIC SCHOOL,PUNJAB / RUPNAGAR,India,CBSE senior-secondary school,Affiliation 1630244; directory status Senior Secondary,https://saras.cbse.gov.in/SARAS/AffiliatedList/AfflicationDetails/1630244,1630244,https://www.apjpublicschool.com,2026-10-01,Punjab,51
A S MODERN SCHOOL,PUNJAB / LUDHIANA,India,CBSE senior-secondary school,Affiliation 1680020; directory status Senior Secondary,https://saras.cbse.gov.in/SARAS/AffiliatedList/AfflicationDetails/1680020,1680020,https://www.asmodernkhanna.com,2026-10-01,Punjab,52
A V PUBLIC SCHOOL,PUNJAB / FEROZEPUR,India,CBSE senior-secondary school,Affiliation 1630314; directory status Senior Secondary,https://saras.cbse.gov.in/SARAS/AffiliatedList/AfflicationDetails/1630314,1630314,https://www.avps.in,2026-10-01,Punjab,53
A&MS GEMS CAMBRIDGE INTERNATIONAL SCHOOL,PUNJAB / PATHANKOT,India,CBSE senior-secondary school,Affiliation 1630925; directory status Senior Secondary,https://saras.cbse.gov.in/SARAS/AffiliatedList/AfflicationDetails/1630925,1630925,https://www.gcispathankot.com,2026-10-01,Punjab,54
A.A.R. JAIN MODEL SENIOR SECONDARY SCHOOL,PUNJAB / PATIALA,India,CBSE senior-secondary school,Affiliation 1630877; directory status Senior Secondary,https://saras.cbse.gov.in/SARAS/AffiliatedList/AfflicationDetails/1630877,1630877,https://www.aarjainmodelschool.com,2026-10-01,Punjab,55
AADESH INTERNATIONAL SCHOOL,PUNJAB / HOSHIARPUR,India,CBSE senior-secondary school,Affiliation 1630643; directory status Senior Secondary,https://saras.cbse.gov.in/SARAS/AffiliatedList/AfflicationDetails/1630643,1630643,https://www.aadeshschool.com/,2026-10-01,Punjab,56
AAKARSHAN PUBLIC SCHOOL,PUNJAB / GURDASPUR,India,CBSE senior-secondary school,Affiliation 1631185; directory status Senior Secondary,https://saras.cbse.gov.in/SARAS/AffiliatedList/AfflicationDetails/1631185,1631185,https://www.aakarshanpublicschool.org,2026-10-01,Punjab,57
ACADEMIC WORLD SCHOOL KHOKHAR,PUNJAB / SANGRUR,India,CBSE senior-secondary school,Affiliation 1631111; directory status Senior Secondary,https://saras.cbse.gov.in/SARAS/AffiliatedList/AfflicationDetails/1631111,1631111,https://www.awslehragaga.com,2026-10-01,Punjab,58
ACADIA WORLD SCHOOL,PUNJAB / SANGRUR,India,CBSE senior-secondary school,Affiliation 1631287; directory status Senior Secondary,https://saras.cbse.gov.in/SARAS/AffiliatedList/AfflicationDetails/1631287,1631287,https://acadiaworldschool.in,2026-10-01,Punjab,59
ACME PUBLIC SCHOOL,PUNJAB / FEROZEPUR,India,CBSE senior-secondary school,Affiliation 1630604; directory status Senior Secondary,https://saras.cbse.gov.in/SARAS/AffiliatedList/AfflicationDetails/1630604,1630604,https://www.acmepublicschool.org,2026-10-01,Punjab,60
A I S,RAJASTHAN / JAIPUR,India,CBSE senior-secondary school,Affiliation 1731113; directory status Senior Secondary,https://saras.cbse.gov.in/SARAS/AffiliatedList/AfflicationDetails/1731113,1731113,https://www.aisjaipur.in,2026-10-01,Rajasthan,61
A N PUBLIC SECONDARY SCHOOL,RAJASTHAN / JAIPUR,India,CBSE senior-secondary school,Affiliation 1730345; directory status Senior Secondary,https://saras.cbse.gov.in/SARAS/AffiliatedList/AfflicationDetails/1730345,1730345,https://www.anpublicschool.com,2026-10-01,Rajasthan,62
A V S PUBLIC SCHOOL,RAJASTHAN / BHILWARA,India,CBSE senior-secondary school,Affiliation 1730497; directory status Senior Secondary,https://saras.cbse.gov.in/SARAS/AffiliatedList/AfflicationDetails/1730497,1730497,https://www.avsbijoliya.com,2026-10-01,Rajasthan,63
A'S SAINT STEWARD MORRIS SCHOOL,RAJASTHAN / BHILWARA,India,CBSE senior-secondary school,Affiliation 1730371; directory status Senior Secondary,https://saras.cbse.gov.in/SARAS/AffiliatedList/AfflicationDetails/1730371,1730371,http://www.stewardmorris.com/,2026-10-01,Rajasthan,64
A.C.ACADEMY,RAJASTHAN / JODHPUR,India,CBSE senior-secondary school,Affiliation 1731133; directory status Senior Secondary,https://saras.cbse.gov.in/SARAS/AffiliatedList/AfflicationDetails/1731133,1731133,https://acacademyjodhpur.com/,2026-10-01,Rajasthan,65
A.S.M. PUBLIC SCHOOL,RAJASTHAN / SRI GANGANAGAR,India,CBSE senior-secondary school,Affiliation 1730453; directory status Senior Secondary,https://saras.cbse.gov.in/SARAS/AffiliatedList/AfflicationDetails/1730453,1730453,https://www.asmpublicschool.com,2026-10-01,Rajasthan,66
AAKANKSHA INTERNATIONAL SCHOOL-THE GURUKUL,RAJASTHAN / NAGAUR,India,CBSE senior-secondary school,Affiliation 1730392; directory status Senior Secondary,https://saras.cbse.gov.in/SARAS/AffiliatedList/AfflicationDetails/1730392,1730392,https://www.aisthegurukul.com,2026-10-01,Rajasthan,67
AARAMBH PUBLIC SCHOOL,RAJASTHAN / JHUNJHUNU,India,CBSE senior-secondary school,Affiliation 1731201; directory status Senior Secondary,https://saras.cbse.gov.in/SARAS/AffiliatedList/AfflicationDetails/1731201,1731201,https://www.apschirawa.com,2026-10-01,Rajasthan,68
ACADEMIC HEIGHTS PUBLIC SCHOOL,RAJASTHAN / NAGAUR,India,CBSE senior-secondary school,Affiliation 1730961; directory status Senior Secondary,https://saras.cbse.gov.in/SARAS/AffiliatedList/AfflicationDetails/1730961,1730961,https://www.nagaur.academicheights.in,2026-10-01,Rajasthan,69
ACHARYA NANESH ACADEMY,RAJASTHAN / CHITTORGARH,India,CBSE senior-secondary school,Affiliation 1730575; directory status Senior Secondary,https://saras.cbse.gov.in/SARAS/AffiliatedList/AfflicationDetails/1730575,1730575,https://www.naneshacademy.com,2026-10-01,Rajasthan,70
A J C ENGLISH SCHOOL,TAMILNADU / THANJAVUR,India,CBSE senior-secondary school,Affiliation 1930134; directory status Senior Secondary,https://saras.cbse.gov.in/SARAS/AffiliatedList/AfflicationDetails/1930134,1930134,https://www.ajcschool.com,2026-10-01,Tamil Nadu,71
A M PUBLIC SCHOOL,TAMILNADU / SALEM,India,CBSE senior-secondary school,Affiliation 1930516; directory status Senior Secondary,https://saras.cbse.gov.in/SARAS/AffiliatedList/AfflicationDetails/1930516,1930516,https://www.ampublicschool.org,2026-10-01,Tamil Nadu,72
A.K.T. MEMORIAL VIDYA SAAKET SCHOOL,TAMILNADU / VILUPPURAM,India,CBSE senior-secondary school,Affiliation 1930235; directory status Senior Secondary,https://saras.cbse.gov.in/SARAS/AffiliatedList/AfflicationDetails/1930235,1930235,https://www.aktcbse.com,2026-10-01,Tamil Nadu,73
A.M.M. SCHOOL,TAMILNADU / CHENNAI,India,CBSE senior-secondary school,Affiliation 1931513; directory status Senior Secondary,https://saras.cbse.gov.in/SARAS/AffiliatedList/AfflicationDetails/1931513,1931513,https://ammschool.org/index.html,2026-10-01,Tamil Nadu,74
A.R.J. PUBLIC SCHOOL,TAMILNADU / THIRUVALLUR,India,CBSE senior-secondary school,Affiliation 1930354; directory status Senior Secondary,https://saras.cbse.gov.in/SARAS/AffiliatedList/AfflicationDetails/1930354,1930354,https://www.arjpublicschool.com,2026-10-01,Tamil Nadu,75
AAA INTERNATIONAL SCHOOL,TAMILNADU / VIRUDHUNAGAR,India,CBSE senior-secondary school,Affiliation 1930784; directory status Senior Secondary,https://saras.cbse.gov.in/SARAS/AffiliatedList/AfflicationDetails/1930784,1930784,http://www.aaainternationalschool.com,2026-10-01,Tamil Nadu,76
AADHAV PUBLIC SCHOOL,TAMILNADU / PERAMBALUR,India,CBSE senior-secondary school,Affiliation 1931467; directory status Senior Secondary,https://saras.cbse.gov.in/SARAS/AffiliatedList/AfflicationDetails/1931467,1931467,https://www.aadhav.education,2026-10-01,Tamil Nadu,77
ABACUS INTERNATIONAL MONTESSORI SCHOOL,TAMILNADU / COIMBATORE,India,CBSE senior-secondary school,Affiliation 1930238; directory status Senior Secondary,https://saras.cbse.gov.in/SARAS/AffiliatedList/AfflicationDetails/1930238,1930238,https://www.aimstirupur.com,2026-10-01,Tamil Nadu,78
ABCS KENBRIDGE SCHOOL,TAMILNADU / RAMANATHAPURAM,India,CBSE senior-secondary school,Affiliation 1930573; directory status Senior Secondary,https://saras.cbse.gov.in/SARAS/AffiliatedList/AfflicationDetails/1930573,1930573,https://www.abcskenbridgeschool.com,2026-10-01,Tamil Nadu,79
ABS GLOBAL SMART SCHOOL,TAMILNADU / CHENNAI,India,CBSE senior-secondary school,Affiliation 1931489; directory status Senior Secondary,https://saras.cbse.gov.in/SARAS/AffiliatedList/AfflicationDetails/1931489,1931489,https://www.absglobal.org,2026-10-01,Tamil Nadu,80
ABHAYA SCHOOL,TELANGANA / RANGAREDDY,India,CBSE senior-secondary school,Affiliation 3630083; directory status Senior Secondary,https://saras.cbse.gov.in/SARAS/AffiliatedList/AfflicationDetails/3630083,3630083,https://www.abhayaschool.com,2026-10-01,Telangana,81
ABODE SCHOOL,TELANGANA / SANGAREDDY,India,CBSE senior-secondary school,Affiliation 3630604; directory status Senior Secondary,https://saras.cbse.gov.in/SARAS/AffiliatedList/AfflicationDetails/3630604,3630604,https://www.abodeschool.in,2026-10-01,Telangana,82
ACADEMIC HEIGHTS PUBLIC SCHOOL,TELANGANA / HYDERABAD,India,CBSE senior-secondary school,Affiliation 3630234; directory status Senior Secondary,https://saras.cbse.gov.in/SARAS/AffiliatedList/AfflicationDetails/3630234,3630234,https://www.ahpscharminar.in,2026-10-01,Telangana,83
ACADEMIC HEIGHTS SCHOOL,TELANGANA / HYDERABAD,India,CBSE senior-secondary school,Affiliation 3630450; directory status Senior Secondary,https://saras.cbse.gov.in/SARAS/AffiliatedList/AfflicationDetails/3630450,3630450,http://ahpsdilsukhnagar.com,2026-10-01,Telangana,84
AKSHARA SCHOOL,TELANGANA / RANGAREDDY,India,CBSE senior-secondary school,Affiliation 3630061; directory status Senior Secondary,https://saras.cbse.gov.in/SARAS/AffiliatedList/AfflicationDetails/3630061,3630061,https://aksharauppal.com/,2026-10-01,Telangana,85
AKSHARA THE SCHOOL,TELANGANA / HYDERABAD,India,CBSE senior-secondary school,Affiliation 3630187; directory status Senior Secondary,https://saras.cbse.gov.in/SARAS/AffiliatedList/AfflicationDetails/3630187,3630187,https://www.aksharalbnagar.com,2026-10-01,Telangana,86
ALPHORES HIGH SCHOOL,TELANGANA / KARIMNAGAR,India,CBSE senior-secondary school,Affiliation 3630162; directory status Senior Secondary,https://saras.cbse.gov.in/SARAS/AffiliatedList/AfflicationDetails/3630162,3630162,https://cbse-karimnagar.alphoresedu.in/,2026-10-01,Telangana,87
AMRITA VIDYALAYAM,TELANGANA / HYDERABAD,India,CBSE senior-secondary school,Affiliation 130190; directory status Senior Secondary,https://saras.cbse.gov.in/SARAS/AffiliatedList/AfflicationDetails/130190,130190,https://amritaschool.edu.in/secunderabad/mpd,2026-10-01,Telangana,88
ARBOR INTERNATIONAL SCHOOL KONDAPUR HYDERABAD TL,TELANGANA / RANGAREDDY,India,CBSE senior-secondary school,Affiliation 130422; directory status Senior Secondary,https://saras.cbse.gov.in/SARAS/AffiliatedList/AfflicationDetails/130422,130422,https://www.arborinternationalschool.com,2026-10-01,Telangana,89
ARCA GLOBAL INTERNATIONAL SCHOOL,TELANGANA / RANGAREDDY,India,CBSE senior-secondary school,Affiliation 3630073; directory status Senior Secondary,https://saras.cbse.gov.in/SARAS/AffiliatedList/AfflicationDetails/3630073,3630073,https://www.arca.co.in,2026-10-01,Telangana,90
AALOKE BHARTI MODEL SCHOOL,WEST BENGAL / KOLKATA,India,CBSE senior-secondary school,Affiliation 2430178; directory status Senior Secondary,https://saras.cbse.gov.in/SARAS/AffiliatedList/AfflicationDetails/2430178,2430178,https://aalokebhartimodelschool.org/,2026-10-01,West Bengal,91
ABHINAV BHARATI HIGH SCHOOL,WEST BENGAL / KOLKATA,India,CBSE senior-secondary school,Affiliation 2430036; directory status Senior Secondary,https://saras.cbse.gov.in/SARAS/AffiliatedList/AfflicationDetails/2430036,2430036,https://www.abhinavbharati.co.in,2026-10-01,West Bengal,92
ADAMAS WORLD SCHOOL,WEST BENGAL / NORTH 24-PARGANA,India,CBSE senior-secondary school,Affiliation 2430157; directory status Senior Secondary,https://saras.cbse.gov.in/SARAS/AffiliatedList/AfflicationDetails/2430157,2430157,https://www.adamasworldschool.org,2026-10-01,West Bengal,93
ADITYA ACADEMY SECONDARY,WEST BENGAL / NORTH 24-PARGANA,India,CBSE senior-secondary school,Affiliation 2430079; directory status Senior Secondary,https://saras.cbse.gov.in/SARAS/AffiliatedList/AfflicationDetails/2430079,2430079,https://www.adityaacademysecondary.com,2026-10-01,West Bengal,94
ADITYA ACADEMY SR. SEC SCHOOL,WEST BENGAL / NORTH 24-PARGANA,India,CBSE senior-secondary school,Affiliation 2430168; directory status Senior Secondary,https://saras.cbse.gov.in/SARAS/AffiliatedList/AfflicationDetails/2430168,2430168,https://www.adityaacademyseniorsecondary.com,2026-10-01,West Bengal,95
ADITYA BIRLA VANI BHARATI,WEST BENGAL / HOOGHLY,India,CBSE senior-secondary school,Affiliation 2430283; directory status Senior Secondary,https://saras.cbse.gov.in/SARAS/AffiliatedList/AfflicationDetails/2430283,2430283,https://www.adityabirlavanibharati.com,2026-10-01,West Bengal,96
AGPN CONVENT & EKLABYA RESIDENTIAL SCHOOL,WEST BENGAL / PURULIA,India,CBSE senior-secondary school,Affiliation 2430143; directory status Senior Secondary,https://saras.cbse.gov.in/SARAS/AffiliatedList/AfflicationDetails/2430143,2430143,https://www.agpnconventerschool.in,2026-10-01,West Bengal,97
AIMS MODEL SCHOOL,WEST BENGAL / PASCHIM BARDHAMAN,India,CBSE senior-secondary school,Affiliation 2430385; directory status Senior Secondary,https://saras.cbse.gov.in/SARAS/AffiliatedList/AfflicationDetails/2430385,2430385,https://aimsmodelschool.com/,2026-10-01,West Bengal,98
AIR FORCE SCHOOL,WEST BENGAL / ALIPURDUAR,India,CBSE senior-secondary school,Affiliation 2480003; directory status Senior Secondary,https://saras.cbse.gov.in/SARAS/AffiliatedList/AfflicationDetails/2480003,2480003,https://www.afschoolhasimara.com,2026-10-01,West Bengal,99
AIR FORCE SCHOOL BAGDOGRA,WEST BENGAL / DARJEELING,India,CBSE senior-secondary school,Affiliation 2480005; directory status Senior Secondary,https://saras.cbse.gov.in/SARAS/AffiliatedList/AfflicationDetails/2480005,2480005,https://www.airforceschoolbagdogra.com,2026-10-01,West Bengal,100
