name,location,country,type,detail,source_url,institution_id,website,checked_at,state,number,sector
Kotara High School,"Adamstown, NSW",Australia,Government Secondary School,Year 7 to Year 12; Coed,https://www.data.nsw.gov.au/data/dataset/78c10ea3-8d04-4c9c-b255-bbf8547e37e7/resource/3e6d5f6a-055c-440d-a690-fc0537c31095/download/master_dataset.csv,8423,https://kotara-h.schools.nsw.gov.au,2026-10-01,New South Wales,1,
Albion Park High School,"Albion Park, NSW",Australia,Government Secondary School,Year 7 to Year 12; Coed,https://www.data.nsw.gov.au/data/dataset/78c10ea3-8d04-4c9c-b255-bbf8547e37e7/resource/3e6d5f6a-055c-440d-a690-fc0537c31095/download/master_dataset.csv,8586,https://albionpk-h.schools.nsw.gov.au,2026-10-01,New South Wales,2,
Albury High School,"Albury, NSW",Australia,Government Secondary School,Year 7 to Year 12; Coed,https://www.data.nsw.gov.au/data/dataset/78c10ea3-8d04-4c9c-b255-bbf8547e37e7/resource/3e6d5f6a-055c-440d-a690-fc0537c31095/download/master_dataset.csv,8101,https://albury-h.schools.nsw.gov.au,2026-10-01,New South Wales,3,
Alexandria Park Community School,"Alexandria, NSW",Australia,Government Central/Community School,Kindergarten to Year 12; Coed,https://www.data.nsw.gov.au/data/dataset/78c10ea3-8d04-4c9c-b255-bbf8547e37e7/resource/3e6d5f6a-055c-440d-a690-fc0537c31095/download/master_dataset.csv,8556,https://alexparkcs-c.schools.nsw.gov.au,2026-10-01,New South Wales,4,
The Forest High School,"Allambie Heights, NSW",Australia,Government Secondary School,Year 7 to Year 12; Coed,https://www.data.nsw.gov.au/data/dataset/78c10ea3-8d04-4c9c-b255-bbf8547e37e7/resource/3e6d5f6a-055c-440d-a690-fc0537c31095/download/master_dataset.csv,8372,https://theforest-h.schools.nsw.gov.au,2026-10-01,New South Wales,5,
Alstonville High School,"Alstonville, NSW",Australia,Government Secondary School,Year 7 to Year 12; Coed,https://www.data.nsw.gov.au/data/dataset/78c10ea3-8d04-4c9c-b255-bbf8547e37e7/resource/3e6d5f6a-055c-440d-a690-fc0537c31095/download/master_dataset.csv,8578,https://alstonvill-h.schools.nsw.gov.au,2026-10-01,New South Wales,6,
Thomas Reddall High School,"Ambarvale, NSW",Australia,Government Secondary School,Year 7 to Year 12; Coed,https://www.data.nsw.gov.au/data/dataset/78c10ea3-8d04-4c9c-b255-bbf8547e37e7/resource/3e6d5f6a-055c-440d-a690-fc0537c31095/download/master_dataset.csv,8589,https://thomasredd-h.schools.nsw.gov.au,2026-10-01,New South Wales,7,
Ardlethan Central School,"Ardlethan, NSW",Australia,Government Central/Community School,Kindergarten to Year 12; Coed,https://www.data.nsw.gov.au/data/dataset/78c10ea3-8d04-4c9c-b255-bbf8547e37e7/resource/3e6d5f6a-055c-440d-a690-fc0537c31095/download/master_dataset.csv,1051,https://ardlethan-c.schools.nsw.gov.au,2026-10-01,New South Wales,8,
Ariah Park Central School,"Ariah Park, NSW",Australia,Government Central/Community School,Kindergarten to Year 12; Coed,https://www.data.nsw.gov.au/data/dataset/78c10ea3-8d04-4c9c-b255-bbf8547e37e7/resource/3e6d5f6a-055c-440d-a690-fc0537c31095/download/master_dataset.csv,1055,https://ariahpark-c.schools.nsw.gov.au,2026-10-01,New South Wales,9,
Armidale Secondary College,"Armidale, NSW",Australia,Government Secondary School,Year 7 to Year 12; Coed,https://www.data.nsw.gov.au/data/dataset/78c10ea3-8d04-4c9c-b255-bbf8547e37e7/resource/3e6d5f6a-055c-440d-a690-fc0537c31095/download/master_dataset.csv,8915,https://armidale-s.schools.nsw.gov.au,2026-10-01,New South Wales,10,
Ashcroft High School,"Ashcroft, NSW",Australia,Government Secondary School,Year 7 to Year 12; Coed,https://www.data.nsw.gov.au/data/dataset/78c10ea3-8d04-4c9c-b255-bbf8547e37e7/resource/3e6d5f6a-055c-440d-a690-fc0537c31095/download/master_dataset.csv,8397,https://ashcroft-h.schools.nsw.gov.au,2026-10-01,New South Wales,11,
Ashfield Boys High School,"Ashfield, NSW",Australia,Government Secondary School,Year 7 to Year 12; Boys,https://www.data.nsw.gov.au/data/dataset/78c10ea3-8d04-4c9c-b255-bbf8547e37e7/resource/3e6d5f6a-055c-440d-a690-fc0537c31095/download/master_dataset.csv,8832,https://ashfieldbo-h.schools.nsw.gov.au,2026-10-01,New South Wales,12,
Ashford Central School,"Ashford, NSW",Australia,Government Central/Community School,Kindergarten to Year 12; Coed,https://www.data.nsw.gov.au/data/dataset/78c10ea3-8d04-4c9c-b255-bbf8547e37e7/resource/3e6d5f6a-055c-440d-a690-fc0537c31095/download/master_dataset.csv,1066,https://ashford-c.schools.nsw.gov.au,2026-10-01,New South Wales,13,
Asquith High School,"Asquith, NSW",Australia,Government Secondary School,Year 7 to Year 12; Coed,https://www.data.nsw.gov.au/data/dataset/78c10ea3-8d04-4c9c-b255-bbf8547e37e7/resource/3e6d5f6a-055c-440d-a690-fc0537c31095/download/master_dataset.csv,8222,https://asquith-h.schools.nsw.gov.au,2026-10-01,New South Wales,14,
Auburn Girls High School,"Auburn, NSW",Australia,Government Secondary School,Year 7 to Year 12; Girls,https://www.data.nsw.gov.au/data/dataset/78c10ea3-8d04-4c9c-b255-bbf8547e37e7/resource/3e6d5f6a-055c-440d-a690-fc0537c31095/download/master_dataset.csv,8253,https://auburng-h.schools.nsw.gov.au/,2026-10-01,New South Wales,15,
Barrenjoey High School,"Avalon, NSW",Australia,Government Secondary School,Year 7 to Year 12; Coed,https://www.data.nsw.gov.au/data/dataset/78c10ea3-8d04-4c9c-b255-bbf8547e37e7/resource/3e6d5f6a-055c-440d-a690-fc0537c31095/download/master_dataset.csv,8454,https://barrenjoey-h.schools.nsw.gov.au,2026-10-01,New South Wales,16,
Ballina Coast High School,"BALLINA, NSW",Australia,Government Secondary School,Year 7 to Year 12; Coed,https://www.data.nsw.gov.au/data/dataset/78c10ea3-8d04-4c9c-b255-bbf8547e37e7/resource/3e6d5f6a-055c-440d-a690-fc0537c31095/download/master_dataset.csv,8195,https://ballina-h.schools.nsw.gov.au,2026-10-01,New South Wales,17,
Barraba Central School,"BARRABA, NSW",Australia,Government Central/Community School,Kindergarten to Year 12; Coed,https://www.data.nsw.gov.au/data/dataset/78c10ea3-8d04-4c9c-b255-bbf8547e37e7/resource/3e6d5f6a-055c-440d-a690-fc0537c31095/download/master_dataset.csv,1140,https://barraba-c.schools.nsw.gov.au,2026-10-01,New South Wales,18,
Belmont High School,"BELMONT, NSW",Australia,Government Secondary School,Year 7 to Year 12; Coed,https://www.data.nsw.gov.au/data/dataset/78c10ea3-8d04-4c9c-b255-bbf8547e37e7/resource/3e6d5f6a-055c-440d-a690-fc0537c31095/download/master_dataset.csv,8203,https://belmont-h.schools.nsw.gov.au,2026-10-01,New South Wales,19,
Evans High School,"BLACKTOWN, NSW",Australia,Government Secondary School,Year 7 to Year 12; Coed,https://www.data.nsw.gov.au/data/dataset/78c10ea3-8d04-4c9c-b255-bbf8547e37e7/resource/3e6d5f6a-055c-440d-a690-fc0537c31095/download/master_dataset.csv,8420,https://evans-h.schools.nsw.gov.au,2026-10-01,New South Wales,20,
Bowraville Central School,"BOWRAVILLE, NSW",Australia,Government Central/Community School,Kindergarten to Year 12; Coed,https://www.data.nsw.gov.au/data/dataset/78c10ea3-8d04-4c9c-b255-bbf8547e37e7/resource/3e6d5f6a-055c-440d-a690-fc0537c31095/download/master_dataset.csv,1336,https://bowraville-c.schools.nsw.gov.au,2026-10-01,New South Wales,21,
Brewarrina Central School,"BREWARRINA, NSW",Australia,Government Central/Community School,Kindergarten to Year 12; Coed,https://www.data.nsw.gov.au/data/dataset/78c10ea3-8d04-4c9c-b255-bbf8547e37e7/resource/3e6d5f6a-055c-440d-a690-fc0537c31095/download/master_dataset.csv,1350,https://brewarrina-c.schools.nsw.gov.au,2026-10-01,New South Wales,22,
Bundarra Central School,"BUNDARRA, NSW",Australia,Government Central/Community School,Kindergarten to Year 12; Coed,https://www.data.nsw.gov.au/data/dataset/78c10ea3-8d04-4c9c-b255-bbf8547e37e7/resource/3e6d5f6a-055c-440d-a690-fc0537c31095/download/master_dataset.csv,1415,https://bundarra-c.schools.nsw.gov.au,2026-10-01,New South Wales,23,
Northern Beaches Secondary College Balgowlah Boys Campus,"Balgowlah, NSW",Australia,Government Secondary School,Year 7 to Year 12; Boys,https://www.data.nsw.gov.au/data/dataset/78c10ea3-8d04-4c9c-b255-bbf8547e37e7/resource/3e6d5f6a-055c-440d-a690-fc0537c31095/download/master_dataset.csv,8851,https://nbscbalgb-h.schools.nsw.gov.au,2026-10-01,New South Wales,24,
Balranald Central School,"Balranald, NSW",Australia,Government Central/Community School,Kindergarten to Year 12; Coed,https://www.data.nsw.gov.au/data/dataset/78c10ea3-8d04-4c9c-b255-bbf8547e37e7/resource/3e6d5f6a-055c-440d-a690-fc0537c31095/download/master_dataset.csv,1115,https://balranald-c.schools.nsw.gov.au,2026-10-01,New South Wales,25,
Bankstown Girls High School,"Bankstown, NSW",Australia,Government Secondary School,Year 7 to Year 12; Girls,https://www.data.nsw.gov.au/data/dataset/78c10ea3-8d04-4c9c-b255-bbf8547e37e7/resource/3e6d5f6a-055c-440d-a690-fc0537c31095/download/master_dataset.csv,8254,https://bankstowng-h.schools.nsw.gov.au,2026-10-01,New South Wales,26,
Banora Point High School,"Banora Point, NSW",Australia,Government Secondary School,Year 7 to Year 12; Coed,https://www.data.nsw.gov.au/data/dataset/78c10ea3-8d04-4c9c-b255-bbf8547e37e7/resource/3e6d5f6a-055c-440d-a690-fc0537c31095/download/master_dataset.csv,8282,https://banorapnt-h.schools.nsw.gov.au,2026-10-01,New South Wales,27,
Baradine Central School,"Baradine, NSW",Australia,Government Central/Community School,Kindergarten to Year 12; Coed,https://www.data.nsw.gov.au/data/dataset/78c10ea3-8d04-4c9c-b255-bbf8547e37e7/resource/3e6d5f6a-055c-440d-a690-fc0537c31095/download/master_dataset.csv,1130,https://baradine-c.schools.nsw.gov.au,2026-10-01,New South Wales,28,
Lucas Heights Community School,"Barden Ridge, NSW",Australia,Government Central/Community School,Kindergarten to Year 12; Coed,https://www.data.nsw.gov.au/data/dataset/78c10ea3-8d04-4c9c-b255-bbf8547e37e7/resource/3e6d5f6a-055c-440d-a690-fc0537c31095/download/master_dataset.csv,8271,https://lucasheigh-h.schools.nsw.gov.au,2026-10-01,New South Wales,29,
Barellan Central School,"Barellan, NSW",Australia,Government Central/Community School,Kindergarten to Year 12; Coed,https://www.data.nsw.gov.au/data/dataset/78c10ea3-8d04-4c9c-b255-bbf8547e37e7/resource/3e6d5f6a-055c-440d-a690-fc0537c31095/download/master_dataset.csv,1131,https://barellan-c.schools.nsw.gov.au,2026-10-01,New South Wales,30,
Barham High School,"Barham, NSW",Australia,Government Secondary School,Year 7 to Year 12; Coed,https://www.data.nsw.gov.au/data/dataset/78c10ea3-8d04-4c9c-b255-bbf8547e37e7/resource/3e6d5f6a-055c-440d-a690-fc0537c31095/download/master_dataset.csv,8461,https://barham-h.schools.nsw.gov.au,2026-10-01,New South Wales,31,
Warilla High School,"Barrack Heights, NSW",Australia,Government Secondary School,Year 7 to Year 12; Coed,https://www.data.nsw.gov.au/data/dataset/78c10ea3-8d04-4c9c-b255-bbf8547e37e7/resource/3e6d5f6a-055c-440d-a690-fc0537c31095/download/master_dataset.csv,8418,https://warilla-h.schools.nsw.gov.au,2026-10-01,New South Wales,32,
Bass High School,"Bass Hill, NSW",Australia,Government Secondary School,Year 7 to Year 12; Coed,https://www.data.nsw.gov.au/data/dataset/78c10ea3-8d04-4c9c-b255-bbf8547e37e7/resource/3e6d5f6a-055c-440d-a690-fc0537c31095/download/master_dataset.csv,8223,https://bass-h.schools.nsw.gov.au,2026-10-01,New South Wales,33,
Batemans Bay High School,"Batehaven, NSW",Australia,Government Secondary School,Year 7 to Year 12; Coed,https://www.data.nsw.gov.au/data/dataset/78c10ea3-8d04-4c9c-b255-bbf8547e37e7/resource/3e6d5f6a-055c-440d-a690-fc0537c31095/download/master_dataset.csv,8581,https://batemansba-h.schools.nsw.gov.au,2026-10-01,New South Wales,34,
Sophia Mundi Steiner School,"ABBOTSFORD, VIC",Australia,Independent Pri/Sec,Open school; Victorian government directory,https://www.education.vic.gov.au/Documents/about/research/datavic/dv402-SchoolLocations2025.csv,1905,,2026-10-01,Victoria,35,Independent
Ave Maria College,"ABERFELDIE, VIC",Australia,Catholic Secondary,Open school; Victorian government directory,https://www.education.vic.gov.au/Documents/about/research/datavic/dv402-SchoolLocations2025.csv,1625,,2026-10-01,Victoria,36,Catholic
Alphington Grammar School,"ALPHINGTON, VIC",Australia,Independent Pri/Sec,Open school; Victorian government directory,https://www.education.vic.gov.au/Documents/about/research/datavic/dv402-SchoolLocations2025.csv,1924,,2026-10-01,Victoria,37,Independent
Emmanuel College,"ALTONA NORTH, VIC",Australia,Catholic Secondary,Open school; Victorian government directory,https://www.education.vic.gov.au/Documents/about/research/datavic/dv402-SchoolLocations2025.csv,1654,,2026-10-01,Victoria,38,Catholic
Mount St Joseph Girls' College,"ALTONA, VIC",Australia,Catholic Secondary,Open school; Victorian government directory,https://www.education.vic.gov.au/Documents/about/research/datavic/dv402-SchoolLocations2025.csv,1635,,2026-10-01,Victoria,39,Catholic
Marian College,"ARARAT, VIC",Australia,Catholic Secondary,Open school; Victorian government directory,https://www.education.vic.gov.au/Documents/about/research/datavic/dv402-SchoolLocations2025.csv,411,,2026-10-01,Victoria,40,Catholic
Lauriston Girls' School,"ARMADALE, VIC",Australia,Independent Pri/Sec,Open school; Victorian government directory,https://www.education.vic.gov.au/Documents/about/research/datavic/dv402-SchoolLocations2025.csv,391,,2026-10-01,Victoria,41,Independent
Geelong Lutheran College,"ARMSTRONG CREEK, VIC",Australia,Independent Pri/Sec,Open school; Victorian government directory,https://www.education.vic.gov.au/Documents/about/research/datavic/dv402-SchoolLocations2025.csv,2056,,2026-10-01,Victoria,42,Independent
Yarrabing Secondary College,"Aintree, VIC",Australia,Government Secondary,Open school; Victorian government directory,https://www.education.vic.gov.au/Documents/about/research/datavic/dv402-SchoolLocations2025.csv,7500,,2026-10-01,Victoria,43,Government
Albert Park College,"Albert Park, VIC",Australia,Government Secondary,Open school; Victorian government directory,https://www.education.vic.gov.au/Documents/about/research/datavic/dv402-SchoolLocations2025.csv,8889,,2026-10-01,Victoria,44,Government
Alexandra Secondary College,"Alexandra, VIC",Australia,Government Secondary,Open school; Victorian government directory,https://www.education.vic.gov.au/Documents/about/research/datavic/dv402-SchoolLocations2025.csv,7505,,2026-10-01,Victoria,45,Government
Altona College,"Altona, VIC",Australia,Government Pri/Sec,Open school; Victorian government directory,https://www.education.vic.gov.au/Documents/about/research/datavic/dv402-SchoolLocations2025.csv,8857,,2026-10-01,Victoria,46,Government
Apollo Bay P-12 College,"Apollo Bay, VIC",Australia,Government Pri/Sec,Open school; Victorian government directory,https://www.education.vic.gov.au/Documents/about/research/datavic/dv402-SchoolLocations2025.csv,6203,,2026-10-01,Victoria,47,Government
Ararat Secondary College,"Ararat, VIC",Australia,Government Secondary,Open school; Victorian government directory,https://www.education.vic.gov.au/Documents/about/research/datavic/dv402-SchoolLocations2025.csv,8753,,2026-10-01,Victoria,48,Government
Oberon High School,"Armstrong Creek, VIC",Australia,Government Secondary,Open school; Victorian government directory,https://www.education.vic.gov.au/Documents/about/research/datavic/dv402-SchoolLocations2025.csv,8210,,2026-10-01,Victoria,49,Government
Ashwood High School,"Ashwood, VIC",Australia,Government Secondary,Open school; Victorian government directory,https://www.education.vic.gov.au/Documents/about/research/datavic/dv402-SchoolLocations2025.csv,8743,,2026-10-01,Victoria,50,Government
Bacchus Marsh Grammar,"BACCHUS MARSH, VIC",Australia,Independent Pri/Sec,Open school; Victorian government directory,https://www.education.vic.gov.au/Documents/about/research/datavic/dv402-SchoolLocations2025.csv,1919,,2026-10-01,Victoria,51,Independent
Bairnsdale Christian College,"BAIRNSDALE, VIC",Australia,Independent Pri/Sec,Open school; Victorian government directory,https://www.education.vic.gov.au/Documents/about/research/datavic/dv402-SchoolLocations2025.csv,1969,,2026-10-01,Victoria,52,Independent
Ballarat Clarendon College,"BALLARAT, VIC",Australia,Independent Pri/Sec,Open school; Victorian government directory,https://www.education.vic.gov.au/Documents/about/research/datavic/dv402-SchoolLocations2025.csv,278,,2026-10-01,Victoria,53,Independent
Fintona Girls' School,"BALWYN, VIC",Australia,Independent Pri/Sec,Open school; Victorian government directory,https://www.education.vic.gov.au/Documents/about/research/datavic/dv402-SchoolLocations2025.csv,385,,2026-10-01,Victoria,54,Independent
Cornish College,"BANGHOLME, VIC",Australia,Independent Pri/Sec,Open school; Victorian government directory,https://www.education.vic.gov.au/Documents/about/research/datavic/dv402-SchoolLocations2025.csv,2076,,2026-10-01,Victoria,55,Independent
St Francis Xavier College,"BEACONSFIELD, VIC",Australia,Catholic Secondary,Open school; Victorian government directory,https://www.education.vic.gov.au/Documents/about/research/datavic/dv402-SchoolLocations2025.csv,1766,,2026-10-01,Victoria,56,Catholic
Belgrave Heights Christian School,"BELGRAVE HEIGHTS, VIC",Australia,Independent Pri/Sec,Open school; Victorian government directory,https://www.education.vic.gov.au/Documents/about/research/datavic/dv402-SchoolLocations2025.csv,1864,,2026-10-01,Victoria,57,Independent
Mater Christi College,"BELGRAVE, VIC",Australia,Catholic Secondary,Open school; Victorian government directory,https://www.education.vic.gov.au/Documents/about/research/datavic/dv402-SchoolLocations2025.csv,1644,,2026-10-01,Victoria,58,Catholic
Covenant College,"BELL POST HILL, VIC",Australia,Independent Pri/Sec,Open school; Victorian government directory,https://www.education.vic.gov.au/Documents/about/research/datavic/dv402-SchoolLocations2025.csv,1794,,2026-10-01,Victoria,59,Independent
Australian Christian College Victoria,"BENALLA, VIC",Australia,Independent Pri/Sec,Open school; Victorian government directory,https://www.education.vic.gov.au/Documents/about/research/datavic/dv402-SchoolLocations2025.csv,2086,,2026-10-01,Victoria,60,Independent
Catherine McAuley College,"BENDIGO, VIC",Australia,Catholic Secondary,Open school; Victorian government directory,https://www.education.vic.gov.au/Documents/about/research/datavic/dv402-SchoolLocations2025.csv,130,,2026-10-01,Victoria,61,Catholic
Our Lady of the Sacred Heart College,"BENTLEIGH, VIC",Australia,Catholic Secondary,Open school; Victorian government directory,https://www.education.vic.gov.au/Documents/about/research/datavic/dv402-SchoolLocations2025.csv,1481,,2026-10-01,Victoria,62,Catholic
St Margaret’s Berwick Grammar,"BERWICK, VIC",Australia,Independent Pri/Sec,Open school; Victorian government directory,https://www.education.vic.gov.au/Documents/about/research/datavic/dv402-SchoolLocations2025.csv,1316,,2026-10-01,Victoria,63,Independent
Urban College,"BORONIA, VIC",Australia,Independent Secondary,Open school; Victorian government directory,https://www.education.vic.gov.au/Documents/about/research/datavic/dv402-SchoolLocations2025.csv,2247,,2026-10-01,Victoria,64,Independent
Kingswood College,"BOX HILL, VIC",Australia,Independent Pri/Sec,Open school; Victorian government directory,https://www.education.vic.gov.au/Documents/about/research/datavic/dv402-SchoolLocations2025.csv,1304,,2026-10-01,Victoria,65,Independent
Caroline Chisholm Catholic College,"BRAYBROOK, VIC",Australia,Catholic Secondary,Open school; Victorian government directory,https://www.education.vic.gov.au/Documents/about/research/datavic/dv402-SchoolLocations2025.csv,1801,,2026-10-01,Victoria,66,Catholic
St Leonard's College,"BRIGHTON EAST, VIC",Australia,Independent Pri/Sec,Open school; Victorian government directory,https://www.education.vic.gov.au/Documents/about/research/datavic/dv402-SchoolLocations2025.csv,1025,,2026-10-01,Victoria,67,Independent
St Teresa's College,"Abergowrie, QLD",Australia,Non-state Secondary,Accredited year levels: Year 7 to Year 12,https://nssab.qld.edu.au/OpenDataSets/OpenData-listofschool.XLSX,5434,,2026-10-01,Queensland,68,
Aboriginal & Islander Independent Community School,"Acacia Ridge, QLD",Australia,Non-state Primary and secondary,Accredited year levels: Preparatory Year to Year 12,https://nssab.qld.edu.au/OpenDataSets/OpenData-listofschool.XLSX,5588,,2026-10-01,Queensland,69,
Discovery Christian College,"Agnes Water, QLD",Australia,Non-state Primary and secondary,Accredited year levels: Preparatory Year to Year 12,https://nssab.qld.edu.au/OpenDataSets/OpenData-listofschool.XLSX,9729,,2026-10-01,Queensland,70,
Good Shepherd Christian School,"Albany Creek, QLD",Australia,Non-state Primary and secondary,Accredited year levels: Preparatory Year to Year 12,https://nssab.qld.edu.au/OpenDataSets/OpenData-listofschool.XLSX,5161,,2026-10-01,Queensland,71,
Annandale Christian College,"Annandale, QLD",Australia,Non-state Primary and secondary,Accredited year levels: Preparatory Year to Year 12,https://nssab.qld.edu.au/OpenDataSets/OpenData-listofschool.XLSX,5573,,2026-10-01,Queensland,72,
Our Lady's College,"Annerley, QLD",Australia,Non-state Secondary,Accredited year levels: Year 7 to Year 12,https://nssab.qld.edu.au/OpenDataSets/OpenData-listofschool.XLSX,5356,,2026-10-01,Queensland,73,
A B Paterson College,"Arundel, QLD",Australia,Non-state Primary and secondary,Accredited year levels: Preparatory Year to Year 12,https://nssab.qld.edu.au/OpenDataSets/OpenData-listofschool.XLSX,5817,,2026-10-01,Queensland,74,
St Margaret's Anglican Girls School,"Ascot, QLD",Australia,Non-state Primary and secondary,Accredited year levels: Preparatory Year to Year 12,https://nssab.qld.edu.au/OpenDataSets/OpenData-listofschool.XLSX,5450,,2026-10-01,Queensland,75,
Marist College Ashgrove,"Ashgrove, QLD",Australia,Non-state Primary and secondary,Accredited year levels: Year 5 to Year 12,https://nssab.qld.edu.au/OpenDataSets/OpenData-listofschool.XLSX,5307,,2026-10-01,Queensland,76,
Aquinas College,"Ashmore, QLD",Australia,Non-state Secondary,Accredited year levels: Year 7 to Year 12,https://nssab.qld.edu.au/OpenDataSets/OpenData-listofschool.XLSX,5316,,2026-10-01,Queensland,77,
Jubilee Christian College,"Atherton, QLD",Australia,Non-state Primary and secondary,Accredited year levels: Preparatory Year to Year 12,https://nssab.qld.edu.au/OpenDataSets/OpenData-listofschool.XLSX,5882,,2026-10-01,Queensland,78,
St Augustine's College,"Augustine Heights, QLD",Australia,Non-state Primary and secondary,Accredited year levels: Preparatory Year to Year 12,https://nssab.qld.edu.au/OpenDataSets/OpenData-listofschool.XLSX,2501,,2026-10-01,Queensland,79,
Burdekin Catholic High School,"Ayr, QLD",Australia,Non-state Secondary,Accredited year levels: Year 7 to Year 12,https://nssab.qld.edu.au/OpenDataSets/OpenData-listofschool.XLSX,5422,,2026-10-01,Queensland,80,
St Paul's School,"Bald Hills, QLD",Australia,Non-state Primary and secondary,Accredited year levels: Preparatory Year to Year 12,https://nssab.qld.edu.au/OpenDataSets/OpenData-listofschool.XLSX,5449,,2026-10-01,Queensland,81,
Birali Steiner School,"Beachmere, QLD",Australia,Non-state Primary and secondary,Accredited year levels: Preparatory Year to Year 10,https://nssab.qld.edu.au/OpenDataSets/OpenData-listofschool.XLSX,A737,,2026-10-01,Queensland,82,
Carlisle Adventist College,"Beaconsfield, QLD",Australia,Non-state Primary and secondary,Accredited year levels: Preparatory Year to Year 12,https://nssab.qld.edu.au/OpenDataSets/OpenData-listofschool.XLSX,5489,,2026-10-01,Queensland,83,
McAuley College,"Beaudesert, QLD",Australia,Non-state Secondary,Accredited year levels: Year 7 to Year 12,https://nssab.qld.edu.au/OpenDataSets/OpenData-listofschool.XLSX,9961,,2026-10-01,Queensland,84,
Trinity College,"Beenleigh, QLD",Australia,Non-state Secondary,Accredited year levels: Year 7 to Year 12,https://nssab.qld.edu.au/OpenDataSets/OpenData-listofschool.XLSX,5367,,2026-10-01,Queensland,85,
Glasshouse Christian College,"Beerwah, QLD",Australia,Non-state Primary and secondary,Accredited year levels: Preparatory Year to Year 12,https://nssab.qld.edu.au/OpenDataSets/OpenData-listofschool.XLSX,2257,,2026-10-01,Queensland,86,
Notre Dame College,"Bells Creek, QLD",Australia,Non-state Primary and secondary,Accredited year levels: Preparatory Year to Year 12,https://nssab.qld.edu.au/OpenDataSets/OpenData-listofschool.XLSX,B158,,2026-10-01,Queensland,87,
Kingsley College,"Berserker, QLD",Australia,Non-state Primary and secondary,Accredited year levels: Preparatory Year to Year 12,https://nssab.qld.edu.au/OpenDataSets/OpenData-listofschool.XLSX,5595,,2026-10-01,Queensland,88,
"Redeemer Lutheran College, Biloela","Biloela, QLD",Australia,Non-state Primary and secondary,Accredited year levels: Preparatory Year to Year 12,https://nssab.qld.edu.au/OpenDataSets/OpenData-listofschool.XLSX,5765,,2026-10-01,Queensland,89,
Good Samaritan Catholic College,"Bli Bli, QLD",Australia,Non-state Primary and secondary,Accredited year levels: Preparatory Year to Year 12,https://nssab.qld.edu.au/OpenDataSets/OpenData-listofschool.XLSX,A106,,2026-10-01,Queensland,90,
St Joseph's Nudgee College,"Boondall, QLD",Australia,Non-state Primary and secondary,Accredited year levels: Year 5 to Year 12,https://nssab.qld.edu.au/OpenDataSets/OpenData-listofschool.XLSX,5366,,2026-10-01,Queensland,91,
St John Fisher College,"Bracken Ridge, QLD",Australia,Non-state Secondary,Accredited year levels: Year 7 to Year 12,https://nssab.qld.edu.au/OpenDataSets/OpenData-listofschool.XLSX,5346,,2026-10-01,Queensland,92,
Genesis Christian College,"Bray Park, QLD",Australia,Non-state Primary and secondary,Accredited year levels: Preparatory Year to Year 12,https://nssab.qld.edu.au/OpenDataSets/OpenData-listofschool.XLSX,5592,,2026-10-01,Queensland,93,
Freshwater Christian College,"Brinsmead, QLD",Australia,Non-state Primary and secondary,Accredited year levels: Preparatory Year to Year 12,https://nssab.qld.edu.au/OpenDataSets/OpenData-listofschool.XLSX,5887,,2026-10-01,Queensland,94,
All Hallows' School,"Brisbane, QLD",Australia,Non-state Primary and secondary,Accredited year levels: Year 5 to Year 12,https://nssab.qld.edu.au/OpenDataSets/OpenData-listofschool.XLSX,5369,,2026-10-01,Queensland,95,
"Indie School, Logan","Browns Plains, QLD",Australia,Non-state Secondary,Accredited year levels: Year 9 to Year 12,https://nssab.qld.edu.au/OpenDataSets/OpenData-listofschool.XLSX,B524,,2026-10-01,Queensland,96,
Immanuel Lutheran College,"Buderim, QLD",Australia,Non-state Primary and secondary,Accredited year levels: Preparatory Year to Year 12,https://nssab.qld.edu.au/OpenDataSets/OpenData-listofschool.XLSX,5499,,2026-10-01,Queensland,97,
Impact Community ACADEMY,"Bundaberg East, QLD",Australia,Non-state Secondary,Accredited year levels: Year 10 to Year 12,https://nssab.qld.edu.au/OpenDataSets/OpenData-listofschool.XLSX,B460,,2026-10-01,Queensland,98,
Bundaberg Christian College,"Bundaberg, QLD",Australia,Non-state Primary and secondary,Accredited year levels: Preparatory Year to Year 12,https://nssab.qld.edu.au/OpenDataSets/OpenData-listofschool.XLSX,0384,,2026-10-01,Queensland,99,
Marymount College,"Burleigh Waters, QLD",Australia,Non-state Secondary,Accredited year levels: Year 7 to Year 12,https://nssab.qld.edu.au/OpenDataSets/OpenData-listofschool.XLSX,5381,,2026-10-01,Queensland,100,
