name,location,country,type,detail,source_url,institution_id,website,checked_at,p,p_top_10,pp_top_10,published_research_rank,number
University College London,United Kingdom,United Kingdom,University,P=22410; P(top 10%)=3618; PP(top 10%)=16.1%,https://open.leidenranking.com/ranking/2025/university/325,325,,2026-10-01,22410,3618,16.1%,1,1
University of Oxford,United Kingdom,United Kingdom,University,P=19249; P(top 10%)=3498; PP(top 10%)=18.2%,https://open.leidenranking.com/ranking/2025/university/339,339,,2026-10-01,19249,3498,18.2%,2,2
University of Cambridge,United Kingdom,United Kingdom,University,P=16246; P(top 10%)=2916; PP(top 10%)=17.9%,https://open.leidenranking.com/ranking/2025/university/282,282,,2026-10-01,16246,2916,17.9%,3,3
Imperial College London,United Kingdom,United Kingdom,University,P=15419; P(top 10%)=2738; PP(top 10%)=17.8%,https://open.leidenranking.com/ranking/2025/university/318,318,,2026-10-01,15419,2738,17.8%,4,4
University of Copenhagen,Denmark,Denmark,University,P=16518; P(top 10%)=2072; PP(top 10%)=12.5%,https://open.leidenranking.com/ranking/2025/university/109,109,,2026-10-01,16518,2072,12.5%,5,5
ETH Zürich,Switzerland,Switzerland,University,P=10983; P(top 10%)=2024; PP(top 10%)=18.4%,https://open.leidenranking.com/ranking/2025/university/703,703,,2026-10-01,10983,2024,18.4%,6,6
Katholieke Universiteit Leuven,Belgium,Belgium,University,P=14812; P(top 10%)=1978; PP(top 10%)=13.4%,https://open.leidenranking.com/ranking/2025/university/43,43,,2026-10-01,14812,1978,13.4%,7,7
King's College London,United Kingdom,United Kingdom,University,P=11999; P(top 10%)=1841; PP(top 10%)=15.3%,https://open.leidenranking.com/ranking/2025/university/846,846,,2026-10-01,11999,1841,15.3%,8,8
Utrecht University,Netherlands,Netherlands,University,P=11562; P(top 10%)=1793; PP(top 10%)=15.5%,https://open.leidenranking.com/ranking/2025/university/493,493,,2026-10-01,11562,1793,15.5%,9,9
The University of Manchester,United Kingdom,United Kingdom,University,P=11746; P(top 10%)=1632; PP(top 10%)=13.9%,https://open.leidenranking.com/ranking/2025/university/332,332,,2026-10-01,11746,1632,13.9%,10,10
Université de Paris-Cité (EPE),France,France,University,P=12286; P(top 10%)=1632; PP(top 10%)=13.3%,https://open.leidenranking.com/ranking/2025/university/10551,10551,,2026-10-01,12286,1632,13.3%,11,11
The University of Edinburgh,United Kingdom,United Kingdom,University,P=10977; P(top 10%)=1614; PP(top 10%)=14.7%,https://open.leidenranking.com/ranking/2025/university/296,296,,2026-10-01,10977,1614,14.7%,12,12
University of Zurich,Switzerland,Switzerland,University,P=10862; P(top 10%)=1585; PP(top 10%)=14.6%,https://open.leidenranking.com/ranking/2025/university/704,704,,2026-10-01,10862,1585,14.6%,13,13
University of Groningen,Netherlands,Netherlands,University,P=10821; P(top 10%)=1558; PP(top 10%)=14.4%,https://open.leidenranking.com/ranking/2025/university/485,485,,2026-10-01,10821,1558,14.4%,14,14
Sapienza University of Rome,Italy,Italy,University,P=13937; P(top 10%)=1551; PP(top 10%)=11.1%,https://open.leidenranking.com/ranking/2025/university/446,446,,2026-10-01,13937,1551,11.1%,15,15
Ghent University,Belgium,Belgium,University,P=12466; P(top 10%)=1523; PP(top 10%)=12.2%,https://open.leidenranking.com/ranking/2025/university/42,42,,2026-10-01,12466,1523,12.2%,16,16
Karolinska Institutet,Sweden,Sweden,University,P=9737; P(top 10%)=1455; PP(top 10%)=14.9%,https://open.leidenranking.com/ranking/2025/university/684,684,,2026-10-01,9737,1455,14.9%,17,17
University of Padova,Italy,Italy,University,P=12242; P(top 10%)=1452; PP(top 10%)=11.9%,https://open.leidenranking.com/ranking/2025/university/436,436,,2026-10-01,12242,1452,11.9%,18,18
University of Naples Federico II,Italy,Italy,University,P=10891; P(top 10%)=1411; PP(top 10%)=13.0%,https://open.leidenranking.com/ranking/2025/university/435,435,,2026-10-01,10891,1411,13.0%,19,19
Technical University of Munich,Germany,Germany,University,P=11857; P(top 10%)=1345; PP(top 10%)=11.3%,https://open.leidenranking.com/ranking/2025/university/260,260,,2026-10-01,11857,1345,11.3%,20,20
Erasmus University Rotterdam,Netherlands,Netherlands,University,P=8838; P(top 10%)=1344; PP(top 10%)=15.2%,https://open.leidenranking.com/ranking/2025/university/490,490,,2026-10-01,8838,1344,15.2%,21,21
Heidelberg University,Germany,Germany,University,P=9994; P(top 10%)=1302; PP(top 10%)=13.0%,https://open.leidenranking.com/ranking/2025/university/246,246,,2026-10-01,9994,1302,13.0%,22,22
Leiden University,Netherlands,Netherlands,University,P=8449; P(top 10%)=1298; PP(top 10%)=15.4%,https://open.leidenranking.com/ranking/2025/university/487,487,,2026-10-01,8449,1298,15.4%,23,23
Delft University of Technology,Netherlands,Netherlands,University,P=9089; P(top 10%)=1284; PP(top 10%)=14.1%,https://open.leidenranking.com/ranking/2025/university/482,482,,2026-10-01,9089,1284,14.1%,24,24
University of Nottingham,United Kingdom,United Kingdom,University,P=10404; P(top 10%)=1280; PP(top 10%)=12.3%,https://open.leidenranking.com/ranking/2025/university/337,337,,2026-10-01,10404,1280,12.3%,25,25
University of Amsterdam,Netherlands,Netherlands,University,P=8063; P(top 10%)=1279; PP(top 10%)=15.9%,https://open.leidenranking.com/ranking/2025/university/479,479,,2026-10-01,8063,1279,15.9%,26,26
University of Birmingham,United Kingdom,United Kingdom,University,P=8567; P(top 10%)=1272; PP(top 10%)=14.8%,https://open.leidenranking.com/ranking/2025/university/277,277,,2026-10-01,8567,1272,14.8%,27,27
Ludwig-Maximilians-Universität München,Germany,Germany,University,P=9539; P(top 10%)=1268; PP(top 10%)=13.3%,https://open.leidenranking.com/ranking/2025/university/259,259,,2026-10-01,9539,1268,13.3%,28,28
University of Bologna,Italy,Italy,University,P=11433; P(top 10%)=1268; PP(top 10%)=11.1%,https://open.leidenranking.com/ranking/2025/university/409,409,,2026-10-01,11433,1268,11.1%,29,29
Radboud University,Netherlands,Netherlands,University,P=8516; P(top 10%)=1257; PP(top 10%)=14.8%,https://open.leidenranking.com/ranking/2025/university/489,489,,2026-10-01,8516,1257,14.8%,30,30
University of Milan,Italy,Italy,University,P=10640; P(top 10%)=1249; PP(top 10%)=11.7%,https://open.leidenranking.com/ranking/2025/university/429,429,,2026-10-01,10640,1249,11.7%,31,31
University of Oslo,Norway,Norway,University,P=9871; P(top 10%)=1197; PP(top 10%)=12.1%,https://open.leidenranking.com/ranking/2025/university/499,499,,2026-10-01,9871,1197,12.1%,32,32
Aarhus University,Denmark,Denmark,University,P=10138; P(top 10%)=1192; PP(top 10%)=11.8%,https://open.leidenranking.com/ranking/2025/university/102,102,,2026-10-01,10138,1192,11.8%,33,33
Lund University,Sweden,Sweden,University,P=9978; P(top 10%)=1150; PP(top 10%)=11.5%,https://open.leidenranking.com/ranking/2025/university/679,679,,2026-10-01,9978,1150,11.5%,34,34
University of Helsinki,Finland,Finland,University,P=9670; P(top 10%)=1145; PP(top 10%)=11.8%,https://open.leidenranking.com/ranking/2025/university/123,123,,2026-10-01,9670,1145,11.8%,35,35
Université Paris-Saclay (EPE),France,France,University,P=10562; P(top 10%)=1137; PP(top 10%)=10.8%,https://open.leidenranking.com/ranking/2025/university/10553,10553,,2026-10-01,10562,1137,10.8%,36,36
Ecole Polytechnique Fédérale de Lausanne,Switzerland,Switzerland,University,P=6529; P(top 10%)=1126; PP(top 10%)=17.2%,https://open.leidenranking.com/ranking/2025/university/697,697,,2026-10-01,6529,1126,17.2%,37,37
Sorbonne University,France,France,University,P=9362; P(top 10%)=1123; PP(top 10%)=12.0%,https://open.leidenranking.com/ranking/2025/university/18682,18682,,2026-10-01,9362,1123,12.0%,38,38
University of Leeds,United Kingdom,United Kingdom,University,P=8010; P(top 10%)=1121; PP(top 10%)=14.0%,https://open.leidenranking.com/ranking/2025/university/309,309,,2026-10-01,8010,1121,14.0%,39,39
University of Bristol,United Kingdom,United Kingdom,University,P=7749; P(top 10%)=1099; PP(top 10%)=14.2%,https://open.leidenranking.com/ranking/2025/university/280,280,,2026-10-01,7749,1099,14.2%,40,40
University of Glasgow,United Kingdom,United Kingdom,University,P=7294; P(top 10%)=1086; PP(top 10%)=14.9%,https://open.leidenranking.com/ranking/2025/university/301,301,,2026-10-01,7294,1086,14.9%,41,41
Norwegian University of Science and Technology,Norway,Norway,University,P=9071; P(top 10%)=1048; PP(top 10%)=11.6%,https://open.leidenranking.com/ranking/2025/university/502,502,,2026-10-01,9071,1048,11.6%,42,42
University of Bern,Switzerland,Switzerland,University,P=7634; P(top 10%)=1031; PP(top 10%)=13.5%,https://open.leidenranking.com/ranking/2025/university/693,693,,2026-10-01,7634,1031,13.5%,43,43
University of Liverpool,United Kingdom,United Kingdom,University,P=8112; P(top 10%)=1027; PP(top 10%)=12.7%,https://open.leidenranking.com/ranking/2025/university/315,315,,2026-10-01,8112,1027,12.7%,44,44
The University of Sheffield,United Kingdom,United Kingdom,University,P=7730; P(top 10%)=1022; PP(top 10%)=13.2%,https://open.leidenranking.com/ranking/2025/university/348,348,,2026-10-01,7730,1022,13.2%,45,45
Universität Hamburg,Germany,Germany,University,P=8512; P(top 10%)=1015; PP(top 10%)=11.9%,https://open.leidenranking.com/ranking/2025/university/243,243,,2026-10-01,8512,1015,11.9%,46,46
University of Porto,Portugal,Portugal,University,P=10302; P(top 10%)=1005; PP(top 10%)=9.8%,https://open.leidenranking.com/ranking/2025/university/561,561,,2026-10-01,10302,1005,9.8%,47,47
Uppsala University,Sweden,Sweden,University,P=8595; P(top 10%)=1001; PP(top 10%)=11.7%,https://open.leidenranking.com/ranking/2025/university/689,689,,2026-10-01,8595,1001,11.7%,48,48
Universidade de Lisboa,Portugal,Portugal,University,P=10373; P(top 10%)=972; PP(top 10%)=9.4%,https://open.leidenranking.com/ranking/2025/university/32912,32912,,2026-10-01,10373,972,9.4%,49,49
University of Florence,Italy,Italy,University,P=8452; P(top 10%)=937; PP(top 10%)=11.1%,https://open.leidenranking.com/ranking/2025/university/419,419,,2026-10-01,8452,937,11.1%,50,50
RWTH Aachen University,Germany,Germany,University,P=9655; P(top 10%)=933; PP(top 10%)=9.7%,https://open.leidenranking.com/ranking/2025/university/210,210,,2026-10-01,9655,933,9.7%,51,51
Vrije Universiteit Amsterdam,Netherlands,Netherlands,University,P=5831; P(top 10%)=932; PP(top 10%)=16.0%,https://open.leidenranking.com/ranking/2025/university/480,480,,2026-10-01,5831,932,16.0%,52,52
University of Turin,Italy,Italy,University,P=7542; P(top 10%)=931; PP(top 10%)=12.3%,https://open.leidenranking.com/ranking/2025/university/454,454,,2026-10-01,7542,931,12.3%,53,53
Wageningen University & Research,Netherlands,Netherlands,University,P=6527; P(top 10%)=931; PP(top 10%)=14.3%,https://open.leidenranking.com/ranking/2025/university/494,494,,2026-10-01,6527,931,14.3%,54,54
Politecnico di Milano,Italy,Italy,University,P=9106; P(top 10%)=931; PP(top 10%)=10.2%,https://open.leidenranking.com/ranking/2025/university/426,426,,2026-10-01,9106,931,10.2%,55,55
University of Gothenburg,Sweden,Sweden,University,P=7499; P(top 10%)=923; PP(top 10%)=12.3%,https://open.leidenranking.com/ranking/2025/university/673,673,,2026-10-01,7499,923,12.3%,56,56
University of Southampton,United Kingdom,United Kingdom,University,P=6999; P(top 10%)=909; PP(top 10%)=13.0%,https://open.leidenranking.com/ranking/2025/university/349,349,,2026-10-01,6999,909,13.0%,57,57
University of Geneva,Switzerland,Switzerland,University,P=6451; P(top 10%)=893; PP(top 10%)=13.8%,https://open.leidenranking.com/ranking/2025/university/696,696,,2026-10-01,6451,893,13.8%,58,58
Maastricht University,Netherlands,Netherlands,University,P=6559; P(top 10%)=872; PP(top 10%)=13.3%,https://open.leidenranking.com/ranking/2025/university/488,488,,2026-10-01,6559,872,13.3%,59,59
University of Barcelona,Spain,Spain,University,P=7908; P(top 10%)=870; PP(top 10%)=11.0%,https://open.leidenranking.com/ranking/2025/university/626,626,,2026-10-01,7908,870,11.0%,60,60
University of Basel,Switzerland,Switzerland,University,P=5994; P(top 10%)=868; PP(top 10%)=14.5%,https://open.leidenranking.com/ranking/2025/university/690,690,,2026-10-01,5994,868,14.5%,61,61
Technical University of Denmark,Denmark,Denmark,University,P=6934; P(top 10%)=863; PP(top 10%)=12.4%,https://open.leidenranking.com/ranking/2025/university/111,111,,2026-10-01,6934,863,12.4%,62,62
University of Pisa,Italy,Italy,University,P=7432; P(top 10%)=858; PP(top 10%)=11.5%,https://open.leidenranking.com/ranking/2025/university/441,441,,2026-10-01,7432,858,11.5%,63,63
University of Exeter,United Kingdom,United Kingdom,University,P=5365; P(top 10%)=854; PP(top 10%)=15.9%,https://open.leidenranking.com/ranking/2025/university/299,299,,2026-10-01,5365,854,15.9%,64,64
National and Kapodistrian University of Athens,Greece,Greece,University,P=7766; P(top 10%)=854; PP(top 10%)=11.0%,https://open.leidenranking.com/ranking/2025/university/362,362,,2026-10-01,7766,854,11.0%,65,65
Freie Universität Berlin,Germany,Germany,University,P=6527; P(top 10%)=852; PP(top 10%)=13.0%,https://open.leidenranking.com/ranking/2025/university/215,215,,2026-10-01,6527,852,13.0%,66,66
Newcastle University,United Kingdom,United Kingdom,University,P=6244; P(top 10%)=831; PP(top 10%)=13.3%,https://open.leidenranking.com/ranking/2025/university/335,335,,2026-10-01,6244,831,13.3%,67,67
Friedrich-Alexander-Universität Erlangen-Nürnberg,Germany,Germany,University,P=7686; P(top 10%)=816; PP(top 10%)=10.6%,https://open.leidenranking.com/ranking/2025/university/232,232,,2026-10-01,7686,816,10.6%,68,68
Queen Mary University of London,United Kingdom,United Kingdom,University,P=5071; P(top 10%)=811; PP(top 10%)=16.0%,https://open.leidenranking.com/ranking/2025/university/1034,1034,,2026-10-01,5071,811,16.0%,69,69
University College Dublin,Ireland,Ireland,University,P=6370; P(top 10%)=805; PP(top 10%)=12.6%,https://open.leidenranking.com/ranking/2025/university/400,400,,2026-10-01,6370,805,12.6%,70,70
The University of Warwick,United Kingdom,United Kingdom,University,P=5862; P(top 10%)=783; PP(top 10%)=13.4%,https://open.leidenranking.com/ranking/2025/university/289,289,,2026-10-01,5862,783,13.4%,71,71
Humboldt-Universität zu Berlin,Germany,Germany,University,P=5947; P(top 10%)=780; PP(top 10%)=13.1%,https://open.leidenranking.com/ranking/2025/university/216,216,,2026-10-01,5947,780,13.1%,72,72
University of Freiburg,Germany,Germany,University,P=6176; P(top 10%)=774; PP(top 10%)=12.5%,https://open.leidenranking.com/ranking/2025/university/236,236,,2026-10-01,6176,774,12.5%,73,73
University of Lausanne,Switzerland,Switzerland,University,P=5475; P(top 10%)=760; PP(top 10%)=13.9%,https://open.leidenranking.com/ranking/2025/university/698,698,,2026-10-01,5475,760,13.9%,74,74
Cardiff University,United Kingdom,United Kingdom,University,P=6006; P(top 10%)=753; PP(top 10%)=12.5%,https://open.leidenranking.com/ranking/2025/university/849,849,,2026-10-01,6006,753,12.5%,75,75
Karlsruhe Institute of Technology,Germany,Germany,University,P=8058; P(top 10%)=728; PP(top 10%)=9.0%,https://open.leidenranking.com/ranking/2025/university/1399,1399,,2026-10-01,8058,728,9.0%,76,76
Technische Universität Dresden,Germany,Germany,University,P=7226; P(top 10%)=717; PP(top 10%)=9.9%,https://open.leidenranking.com/ranking/2025/university/228,228,,2026-10-01,7226,717,9.9%,77,77
Georg-August-Universität Göttingen,Germany,Germany,University,P=5340; P(top 10%)=704; PP(top 10%)=13.2%,https://open.leidenranking.com/ranking/2025/university/238,238,,2026-10-01,5340,704,13.2%,78,78
University of Granada,Spain,Spain,University,P=6938; P(top 10%)=701; PP(top 10%)=10.1%,https://open.leidenranking.com/ranking/2025/university/638,638,,2026-10-01,6938,701,10.1%,79,79
University of Vienna,Austria,Austria,University,P=5534; P(top 10%)=700; PP(top 10%)=12.6%,https://open.leidenranking.com/ranking/2025/university/24,24,,2026-10-01,5534,700,12.6%,80,80
Aristotle University of Thessaloniki,Greece,Greece,University,P=7548; P(top 10%)=695; PP(top 10%)=9.2%,https://open.leidenranking.com/ranking/2025/university/371,371,,2026-10-01,7548,695,9.2%,81,81
University of Valencia,Spain,Spain,University,P=6587; P(top 10%)=687; PP(top 10%)=10.4%,https://open.leidenranking.com/ranking/2025/university/668,668,,2026-10-01,6587,687,10.4%,82,82
Universitat Autònoma de Barcelona,Spain,Spain,University,P=6516; P(top 10%)=685; PP(top 10%)=10.5%,https://open.leidenranking.com/ranking/2025/university/625,625,,2026-10-01,6516,685,10.5%,83,83
University of Bonn,Germany,Germany,University,P=5754; P(top 10%)=678; PP(top 10%)=11.8%,https://open.leidenranking.com/ranking/2025/university/220,220,,2026-10-01,5754,678,11.8%,84,84
Aalborg University,Denmark,Denmark,University,P=5970; P(top 10%)=672; PP(top 10%)=11.3%,https://open.leidenranking.com/ranking/2025/university/101,101,,2026-10-01,5970,672,11.3%,85,85
Medical University of Vienna,Austria,Austria,University,P=5440; P(top 10%)=670; PP(top 10%)=12.3%,https://open.leidenranking.com/ranking/2025/university/1317,1317,,2026-10-01,5440,670,12.3%,86,86
University of Bari Aldo Moro,Italy,Italy,University,P=5074; P(top 10%)=669; PP(top 10%)=13.2%,https://open.leidenranking.com/ranking/2025/university/407,407,,2026-10-01,5074,669,13.2%,87,87
"Trinity College Dublin, The University of Dublin",Ireland,Ireland,University,P=5196; P(top 10%)=669; PP(top 10%)=12.9%,https://open.leidenranking.com/ranking/2025/university/399,399,,2026-10-01,5196,669,12.9%,88,88
University of Münster,Germany,Germany,University,P=5518; P(top 10%)=663; PP(top 10%)=12.0%,https://open.leidenranking.com/ranking/2025/university/883,883,,2026-10-01,5518,663,12.0%,89,89
University of Cologne,Germany,Germany,University,P=5604; P(top 10%)=661; PP(top 10%)=11.8%,https://open.leidenranking.com/ranking/2025/university/252,252,,2026-10-01,5604,661,11.8%,90,90
Goethe University Frankfurt,Germany,Germany,University,P=5605; P(top 10%)=658; PP(top 10%)=11.7%,https://open.leidenranking.com/ranking/2025/university/235,235,,2026-10-01,5605,658,11.7%,91,91
University of Seville,Spain,Spain,University,P=7069; P(top 10%)=654; PP(top 10%)=9.3%,https://open.leidenranking.com/ranking/2025/university/665,665,,2026-10-01,7069,654,9.3%,92,92
University of Southern Denmark,Denmark,Denmark,University,P=5884; P(top 10%)=654; PP(top 10%)=11.1%,https://open.leidenranking.com/ranking/2025/university/112,112,,2026-10-01,5884,654,11.1%,93,93
Complutense University of Madrid,Spain,Spain,University,P=7481; P(top 10%)=651; PP(top 10%)=8.7%,https://open.leidenranking.com/ranking/2025/university/649,649,,2026-10-01,7481,651,8.7%,94,94
Eberhard Karls University of Tübingen,Germany,Germany,University,P=5723; P(top 10%)=651; PP(top 10%)=11.4%,https://open.leidenranking.com/ranking/2025/university/270,270,,2026-10-01,5723,651,11.4%,95,95
Università Cattolica del Sacro Cuore,Italy,Italy,University,P=5070; P(top 10%)=647; PP(top 10%)=12.8%,https://open.leidenranking.com/ranking/2025/university/427,427,,2026-10-01,5070,647,12.8%,96,96
Universidad Autónoma de Madrid,Spain,Spain,University,P=5787; P(top 10%)=638; PP(top 10%)=11.0%,https://open.leidenranking.com/ranking/2025/university/648,648,,2026-10-01,5787,638,11.0%,97,97
Politecnico di Torino,Italy,Italy,University,P=6037; P(top 10%)=633; PP(top 10%)=10.5%,https://open.leidenranking.com/ranking/2025/university/453,453,,2026-10-01,6037,633,10.5%,98,98
Charles University,Czechia,Czechia,University,P=7488; P(top 10%)=632; PP(top 10%)=8.4%,https://open.leidenranking.com/ranking/2025/university/95,95,,2026-10-01,7488,632,8.4%,99,99
Université PSL,France,France,University,P=4717; P(top 10%)=617; PP(top 10%)=13.1%,https://open.leidenranking.com/ranking/2025/university/10554,10554,,2026-10-01,4717,617,13.1%,100,100
